ft,site,plot,asn,aco,lat_dd,long_dd
TS,WA1,WA1TS,1,1,42.4881,-71.898
TS,WA1,WA1TS,1,2,42.4881,-71.898
TS,WA1,WA1TS,1,1,42.4881,-71.898
TS,WA1,WA1TS,1,2,42.4881,-71.898
TS,WA1,WA1TS,1,1,42.4881,-71.898
TS,WA1,WA1TS,1,2,42.4881,-71.898
TS,WA1,WA1TS,1,1,42.4881,-71.898
TS,WA1,WA1TS,1,2,42.4881,-71.898
TS,WA1,WA1TS,1,1,42.4881,-71.898
TS,WA1,WA1TS,1,2,42.4881,-71.898
TS,WA1,WA1TS,1,1,42.4881,-71.898
TS,WA1,WA1TS,1,2,42.4881,-71.898
TS,WA1,WA1TS,1,1,42.4881,-71.898
TS,WA1,WA1TS,1,2,42.4881,-71.898
TS,WA1,WA1TS,1,1,42.4881,-71.898
TS,WA1,WA1TS,1,2,42.4881,-71.898
TS,WA1,WA1TS,2,3,42.4877,-71.898
TS,WA1,WA1TS,2,4,42.4877,-71.898
TS,WA1,WA1TS,2,3,42.4877,-71.898
TS,WA1,WA1TS,2,4,42.4877,-71.898
TS,WA1,WA1TS,2,3,42.4877,-71.898
TS,WA1,WA1TS,2,4,42.4877,-71.898
TS,WA1,WA1TS,2,3,42.4877,-71.898
TS,WA1,WA1TS,2,4,42.4877,-71.898
TS,WA1,WA1TS,2,3,42.4877,-71.898
TS,WA1,WA1TS,2,4,42.4877,-71.898
TS,WA1,WA1TS,2,3,42.4877,-71.898
TS,WA1,WA1TS,2,4,42.4877,-71.898
TS,WA1,WA1TS,2,3,42.4877,-71.898
TS,WA1,WA1TS,2,4,42.4877,-71.898
TS,WA1,WA1TS,2,3,42.4877,-71.898
TS,WA1,WA1TS,2,4,42.4877,-71.898
TS,WA1,WA1TS,3,5,42.4875,-71.8985
TS,WA1,WA1TS,3,6,42.4875,-71.8985
TS,WA1,WA1TS,3,5,42.4875,-71.8985
TS,WA1,WA1TS,3,6,42.4875,-71.8985
TS,WA1,WA1TS,3,5,42.4875,-71.8985
TS,WA1,WA1TS,3,6,42.4875,-71.8985
TS,WA1,WA1TS,3,5,42.4875,-71.8985
TS,WA1,WA1TS,3,6,42.4875,-71.8985
TS,WA1,WA1TS,3,5,42.4875,-71.8985
TS,WA1,WA1TS,3,6,42.4875,-71.8985
TS,WA1,WA1TS,3,5,42.4875,-71.8985
TS,WA1,WA1TS,3,6,42.4875,-71.8985
TS,WA1,WA1TS,3,5,42.4875,-71.8985
TS,WA1,WA1TS,3,6,42.4875,-71.8985
TS,WA1,WA1TS,3,5,42.4875,-71.8985
TS,WA1,WA1TS,3,6,42.4875,-71.8985
TS,WA1,WA1TS,4,7,42.4878,-71.8987
TS,WA1,WA1TS,4,8,42.4878,-71.8987
TS,WA1,WA1TS,4,7,42.4878,-71.8987
TS,WA1,WA1TS,4,8,42.4878,-71.8987
TS,WA1,WA1TS,4,7,42.4878,-71.8987
TS,WA1,WA1TS,4,8,42.4878,-71.8987
TS,WA1,WA1TS,4,7,42.4878,-71.8987
TS,WA1,WA1TS,4,8,42.4878,-71.8987
TS,WA1,WA1TS,4,7,42.4878,-71.8987
TS,WA1,WA1TS,4,8,42.4878,-71.8987
TS,WA1,WA1TS,4,7,42.4878,-71.8987
TS,WA1,WA1TS,4,8,42.4878,-71.8987
TS,WA1,WA1TS,4,7,42.4878,-71.8987
TS,WA1,WA1TS,4,8,42.4878,-71.8987
TS,WA1,WA1TS,4,7,42.4878,-71.8987
TS,WA1,WA1TS,4,8,42.4878,-71.8987
TS,WA1,WA1TS,5,9,42.4879,-71.8982
TS,WA1,WA1TS,5,10,42.4879,-71.8982
TS,WA1,WA1TS,5,9,42.4879,-71.8982
TS,WA1,WA1TS,5,10,42.4879,-71.8982
TS,WA1,WA1TS,5,9,42.4879,-71.8982
TS,WA1,WA1TS,5,10,42.4879,-71.8982
TS,WA1,WA1TS,5,9,42.4879,-71.8982
TS,WA1,WA1TS,5,10,42.4879,-71.8982
TS,WA1,WA1TS,5,9,42.4879,-71.8982
TS,WA1,WA1TS,5,10,42.4879,-71.8982
TS,WA1,WA1TS,5,9,42.4879,-71.8982
TS,WA1,WA1TS,5,10,42.4879,-71.8982
TS,WA1,WA1TS,5,9,42.4879,-71.8982
TS,WA1,WA1TS,5,10,42.4879,-71.8982
TS,WA1,WA1TS,5,9,42.4879,-71.8982
TS,WA1,WA1TS,5,10,42.4879,-71.8982
MD,WA1,WA1MD,1,11,42.4888,-71.9002
MD,WA1,WA1MD,1,12,42.4888,-71.9002
MD,WA1,WA1MD,1,11,42.4888,-71.9002
MD,WA1,WA1MD,1,12,42.4888,-71.9002
MD,WA1,WA1MD,1,11,42.4888,-71.9002
MD,WA1,WA1MD,1,12,42.4888,-71.9002
MD,WA1,WA1MD,1,11,42.4888,-71.9002
MD,WA1,WA1MD,1,12,42.4888,-71.9002
MD,WA1,WA1MD,1,11,42.4888,-71.9002
MD,WA1,WA1MD,1,12,42.4888,-71.9002
MD,WA1,WA1MD,1,11,42.4888,-71.9002
MD,WA1,WA1MD,1,12,42.4888,-71.9002
MD,WA1,WA1MD,1,11,42.4888,-71.9002
MD,WA1,WA1MD,1,12,42.4888,-71.9002
MD,WA1,WA1MD,1,11,42.4888,-71.9002
MD,WA1,WA1MD,1,12,42.4888,-71.9002
MD,WA1,WA1MD,2,13,42.4888,-71.8997
MD,WA1,WA1MD,2,14,42.4888,-71.8997
MD,WA1,WA1MD,2,13,42.4888,-71.8997
MD,WA1,WA1MD,2,14,42.4888,-71.8997
MD,WA1,WA1MD,2,13,42.4888,-71.8997
MD,WA1,WA1MD,2,14,42.4888,-71.8997
MD,WA1,WA1MD,2,13,42.4888,-71.8997
MD,WA1,WA1MD,2,14,42.4888,-71.8997
MD,WA1,WA1MD,2,13,42.4888,-71.8997
MD,WA1,WA1MD,2,14,42.4888,-71.8997
MD,WA1,WA1MD,2,13,42.4888,-71.8997
MD,WA1,WA1MD,2,14,42.4888,-71.8997
MD,WA1,WA1MD,2,13,42.4888,-71.8997
MD,WA1,WA1MD,2,14,42.4888,-71.8997
MD,WA1,WA1MD,2,13,42.4888,-71.8997
MD,WA1,WA1MD,2,14,42.4888,-71.8997
MD,WA1,WA1MD,3,15,42.4883,-71.8998
MD,WA1,WA1MD,3,16,42.4883,-71.8998
MD,WA1,WA1MD,3,15,42.4883,-71.8998
MD,WA1,WA1MD,3,16,42.4883,-71.8998
MD,WA1,WA1MD,3,15,42.4883,-71.8998
MD,WA1,WA1MD,3,16,42.4883,-71.8998
MD,WA1,WA1MD,3,15,42.4883,-71.8998
MD,WA1,WA1MD,3,16,42.4883,-71.8998
MD,WA1,WA1MD,3,15,42.4883,-71.8998
MD,WA1,WA1MD,3,16,42.4883,-71.8998
MD,WA1,WA1MD,3,15,42.4883,-71.8998
MD,WA1,WA1MD,3,16,42.4883,-71.8998
MD,WA1,WA1MD,3,15,42.4883,-71.8998
MD,WA1,WA1MD,3,16,42.4883,-71.8998
MD,WA1,WA1MD,3,15,42.4883,-71.8998
MD,WA1,WA1MD,3,16,42.4883,-71.8998
MD,WA1,WA1MD,4,17,42.4886,-71.9003
MD,WA1,WA1MD,4,18,42.4886,-71.9003
MD,WA1,WA1MD,4,17,42.4886,-71.9003
MD,WA1,WA1MD,4,18,42.4886,-71.9003
MD,WA1,WA1MD,4,17,42.4886,-71.9003
MD,WA1,WA1MD,4,18,42.4886,-71.9003
MD,WA1,WA1MD,4,17,42.4886,-71.9003
MD,WA1,WA1MD,4,18,42.4886,-71.9003
MD,WA1,WA1MD,4,17,42.4886,-71.9003
MD,WA1,WA1MD,4,18,42.4886,-71.9003
MD,WA1,WA1MD,4,17,42.4886,-71.9003
MD,WA1,WA1MD,4,18,42.4886,-71.9003
MD,WA1,WA1MD,4,17,42.4886,-71.9003
MD,WA1,WA1MD,4,18,42.4886,-71.9003
MD,WA1,WA1MD,4,17,42.4886,-71.9003
MD,WA1,WA1MD,4,18,42.4886,-71.9003
MD,WA1,WA1MD,4,18,42.4886,-71.9003
MD,WA1,WA1MD,5,19,42.4886,-71.9
MD,WA1,WA1MD,5,20,42.4886,-71.9
MD,WA1,WA1MD,5,19,42.4886,-71.9
MD,WA1,WA1MD,5,20,42.4886,-71.9
MD,WA1,WA1MD,5,19,42.4886,-71.9
MD,WA1,WA1MD,5,20,42.4886,-71.9
MD,WA1,WA1MD,5,19,42.4886,-71.9
MD,WA1,WA1MD,5,20,42.4886,-71.9
MD,WA1,WA1MD,5,19,42.4886,-71.9
MD,WA1,WA1MD,5,20,42.4886,-71.9
MD,WA1,WA1MD,5,19,42.4886,-71.9
MD,WA1,WA1MD,5,20,42.4886,-71.9
MD,WA1,WA1MD,5,19,42.4886,-71.9
MD,WA1,WA1MD,5,20,42.4886,-71.9
MD,WA1,WA1MD,5,19,42.4886,-71.9
MD,WA1,WA1MD,5,20,42.4886,-71.9
TS,WA2,WA2TS,1,21,42.4825,-71.8886
TS,WA2,WA2TS,1,22,42.4825,-71.8886
TS,WA2,WA2TS,1,21,42.4825,-71.8886
TS,WA2,WA2TS,1,22,42.4825,-71.8886
TS,WA2,WA2TS,1,21,42.4825,-71.8886
TS,WA2,WA2TS,1,22,42.4825,-71.8886
TS,WA2,WA2TS,1,21,42.4825,-71.8886
TS,WA2,WA2TS,1,22,42.4825,-71.8886
TS,WA2,WA2TS,1,21,42.4825,-71.8886
TS,WA2,WA2TS,1,22,42.4825,-71.8886
TS,WA2,WA2TS,1,21,42.4825,-71.8886
TS,WA2,WA2TS,1,22,42.4825,-71.8886
TS,WA2,WA2TS,1,21,42.4825,-71.8886
TS,WA2,WA2TS,1,22,42.4825,-71.8886
TS,WA2,WA2TS,1,21,42.4825,-71.8886
TS,WA2,WA2TS,1,22,42.4825,-71.8886
TS,WA2,WA2TS,2,23,42.4828,-71.8884
TS,WA2,WA2TS,2,24,42.4828,-71.8884
TS,WA2,WA2TS,2,23,42.4828,-71.8884
TS,WA2,WA2TS,2,24,42.4828,-71.8884
TS,WA2,WA2TS,2,23,42.4828,-71.8884
TS,WA2,WA2TS,2,24,42.4828,-71.8884
TS,WA2,WA2TS,2,23,42.4828,-71.8884
TS,WA2,WA2TS,2,24,42.4828,-71.8884
TS,WA2,WA2TS,2,23,42.4828,-71.8884
TS,WA2,WA2TS,2,24,42.4828,-71.8884
TS,WA2,WA2TS,2,23,42.4828,-71.8884
TS,WA2,WA2TS,2,24,42.4828,-71.8884
TS,WA2,WA2TS,2,23,42.4828,-71.8884
TS,WA2,WA2TS,2,24,42.4828,-71.8884
TS,WA2,WA2TS,2,23,42.4828,-71.8884
TS,WA2,WA2TS,2,23,42.4828,-71.8884
TS,WA2,WA2TS,2,24,42.4828,-71.8884
TS,WA2,WA2TS,3,25,42.4826,-71.8879
TS,WA2,WA2TS,3,26,42.4826,-71.8879
TS,WA2,WA2TS,3,25,42.4826,-71.8879
TS,WA2,WA2TS,3,26,42.4826,-71.8879
TS,WA2,WA2TS,3,25,42.4826,-71.8879
TS,WA2,WA2TS,3,26,42.4826,-71.8879
TS,WA2,WA2TS,3,25,42.4826,-71.8879
TS,WA2,WA2TS,3,26,42.4826,-71.8879
TS,WA2,WA2TS,3,25,42.4826,-71.8879
TS,WA2,WA2TS,3,26,42.4826,-71.8879
TS,WA2,WA2TS,3,25,42.4826,-71.8879
TS,WA2,WA2TS,3,26,42.4826,-71.8879
TS,WA2,WA2TS,3,25,42.4826,-71.8879
TS,WA2,WA2TS,3,26,42.4826,-71.8879
TS,WA2,WA2TS,3,25,42.4826,-71.8879
TS,WA2,WA2TS,3,26,42.4826,-71.8879
TS,WA2,WA2TS,4,27,42.482,-71.8881
TS,WA2,WA2TS,4,28,42.482,-71.8881
TS,WA2,WA2TS,4,27,42.482,-71.8881
TS,WA2,WA2TS,4,28,42.482,-71.8881
TS,WA2,WA2TS,4,27,42.482,-71.8881
TS,WA2,WA2TS,4,28,42.482,-71.8881
TS,WA2,WA2TS,4,27,42.482,-71.8881
TS,WA2,WA2TS,4,28,42.482,-71.8881
TS,WA2,WA2TS,4,27,42.482,-71.8881
TS,WA2,WA2TS,4,28,42.482,-71.8881
TS,WA2,WA2TS,4,27,42.482,-71.8881
TS,WA2,WA2TS,4,28,42.482,-71.8881
TS,WA2,WA2TS,4,27,42.482,-71.8881
TS,WA2,WA2TS,4,28,42.482,-71.8881
TS,WA2,WA2TS,4,27,42.482,-71.8881
TS,WA2,WA2TS,4,28,42.482,-71.8881
TS,WA2,WA2TS,5,29,42.4824,-71.8884
TS,WA2,WA2TS,5,30,42.4824,-71.8884
TS,WA2,WA2TS,5,29,42.4824,-71.8884
TS,WA2,WA2TS,5,30,42.4824,-71.8884
TS,WA2,WA2TS,5,29,42.4824,-71.8884
TS,WA2,WA2TS,5,30,42.4824,-71.8884
TS,WA2,WA2TS,5,29,42.4824,-71.8884
TS,WA2,WA2TS,5,30,42.4824,-71.8884
TS,WA2,WA2TS,5,29,42.4824,-71.8884
TS,WA2,WA2TS,5,30,42.4824,-71.8884
TS,WA2,WA2TS,5,29,42.4824,-71.8884
TS,WA2,WA2TS,5,30,42.4824,-71.8884
TS,WA2,WA2TS,5,29,42.4824,-71.8884
TS,WA2,WA2TS,5,30,42.4824,-71.8884
TS,WA2,WA2TS,5,29,42.4824,-71.8884
TS,WA2,WA2TS,5,30,42.4824,-71.8884
MD,WA2,WA2MD,1,31,42.4865,-71.8856
MD,WA2,WA2MD,1,32,42.4865,-71.8856
MD,WA2,WA2MD,1,31,42.4865,-71.8856
MD,WA2,WA2MD,1,32,42.4865,-71.8856
MD,WA2,WA2MD,1,31,42.4865,-71.8856
MD,WA2,WA2MD,1,32,42.4865,-71.8856
MD,WA2,WA2MD,1,31,42.4865,-71.8856
MD,WA2,WA2MD,1,32,42.4865,-71.8856
MD,WA2,WA2MD,1,31,42.4865,-71.8856
MD,WA2,WA2MD,1,32,42.4865,-71.8856
MD,WA2,WA2MD,1,31,42.4865,-71.8856
MD,WA2,WA2MD,1,32,42.4865,-71.8856
MD,WA2,WA2MD,1,31,42.4865,-71.8856
MD,WA2,WA2MD,1,32,42.4865,-71.8856
MD,WA2,WA2MD,1,31,42.4865,-71.8856
MD,WA2,WA2MD,1,32,42.4865,-71.8856
MD,WA2,WA2MD,2,33,42.4866,-71.8854
MD,WA2,WA2MD,2,34,42.4866,-71.8854
MD,WA2,WA2MD,2,33,42.4866,-71.8854
MD,WA2,WA2MD,2,34,42.4866,-71.8854
MD,WA2,WA2MD,2,33,42.4866,-71.8854
MD,WA2,WA2MD,2,34,42.4866,-71.8854
MD,WA2,WA2MD,2,33,42.4866,-71.8854
MD,WA2,WA2MD,2,34,42.4866,-71.8854
MD,WA2,WA2MD,2,33,42.4866,-71.8854
MD,WA2,WA2MD,2,34,42.4866,-71.8854
MD,WA2,WA2MD,2,33,42.4866,-71.8854
MD,WA2,WA2MD,2,34,42.4866,-71.8854
MD,WA2,WA2MD,2,33,42.4866,-71.8854
MD,WA2,WA2MD,2,34,42.4866,-71.8854
MD,WA2,WA2MD,2,33,42.4866,-71.8854
MD,WA2,WA2MD,2,34,42.4866,-71.8854
MD,WA2,WA2MD,3,35,42.4863,-71.8854
MD,WA2,WA2MD,3,36,42.4863,-71.8854
MD,WA2,WA2MD,3,35,42.4863,-71.8854
MD,WA2,WA2MD,3,36,42.4863,-71.8854
MD,WA2,WA2MD,3,35,42.4863,-71.8854
MD,WA2,WA2MD,3,36,42.4863,-71.8854
MD,WA2,WA2MD,3,35,42.4863,-71.8854
MD,WA2,WA2MD,3,36,42.4863,-71.8854
MD,WA2,WA2MD,3,35,42.4863,-71.8854
MD,WA2,WA2MD,3,36,42.4863,-71.8854
MD,WA2,WA2MD,3,35,42.4863,-71.8854
MD,WA2,WA2MD,3,36,42.4863,-71.8854
MD,WA2,WA2MD,3,35,42.4863,-71.8854
MD,WA2,WA2MD,3,36,42.4863,-71.8854
MD,WA2,WA2MD,3,35,42.4863,-71.8854
MD,WA2,WA2MD,3,36,42.4863,-71.8854
MD,WA2,WA2MD,4,37,42.4863,-71.8858
MD,WA2,WA2MD,4,38,42.4863,-71.8858
MD,WA2,WA2MD,4,37,42.4863,-71.8858
MD,WA2,WA2MD,4,38,42.4863,-71.8858
MD,WA2,WA2MD,4,37,42.4863,-71.8858
MD,WA2,WA2MD,4,38,42.4863,-71.8858
MD,WA2,WA2MD,4,37,42.4863,-71.8858
MD,WA2,WA2MD,4,38,42.4863,-71.8858
MD,WA2,WA2MD,4,37,42.4863,-71.8858
MD,WA2,WA2MD,4,38,42.4863,-71.8858
MD,WA2,WA2MD,4,37,42.4863,-71.8858
MD,WA2,WA2MD,4,38,42.4863,-71.8858
MD,WA2,WA2MD,4,37,42.4863,-71.8858
MD,WA2,WA2MD,4,38,42.4863,-71.8858
MD,WA2,WA2MD,4,37,42.4863,-71.8858
MD,WA2,WA2MD,4,38,42.4863,-71.8858
MD,WA2,WA2MD,5,39,42.4863,-71.8855
MD,WA2,WA2MD,5,40,42.4863,-71.8855
MD,WA2,WA2MD,5,39,42.4863,-71.8855
MD,WA2,WA2MD,5,40,42.4863,-71.8855
MD,WA2,WA2MD,5,39,42.4863,-71.8855
MD,WA2,WA2MD,5,40,42.4863,-71.8855
MD,WA2,WA2MD,5,39,42.4863,-71.8855
MD,WA2,WA2MD,5,40,42.4863,-71.8855
MD,WA2,WA2MD,5,39,42.4863,-71.8855
MD,WA2,WA2MD,5,40,42.4863,-71.8855
MD,WA2,WA2MD,5,39,42.4863,-71.8855
MD,WA2,WA2MD,5,40,42.4863,-71.8855
MD,WA2,WA2MD,5,39,42.4863,-71.8855
MD,WA2,WA2MD,5,40,42.4863,-71.8855
MD,WA2,WA2MD,5,39,42.4863,-71.8855
MD,WA2,WA2MD,5,40,42.4863,-71.8855
TS,WA3,WA3TS,1,41,NA,NA
TS,WA3,WA3TS,1,42,NA,NA
TS,WA3,WA3TS,1,41,NA,NA
TS,WA3,WA3TS,1,42,NA,NA
TS,WA3,WA3TS,1,41,NA,NA
TS,WA3,WA3TS,1,42,NA,NA
TS,WA3,WA3TS,1,41,NA,NA
TS,WA3,WA3TS,1,42,NA,NA
TS,WA3,WA3TS,1,41,NA,NA
TS,WA3,WA3TS,1,42,NA,NA
TS,WA3,WA3TS,1,41,NA,NA
TS,WA3,WA3TS,1,42,NA,NA
TS,WA3,WA3TS,1,41,NA,NA
TS,WA3,WA3TS,1,42,NA,NA
TS,WA3,WA3TS,1,41,NA,NA
TS,WA3,WA3TS,1,42,NA,NA
TS,WA3,WA3TS,2,43,42.5019,-71.9012
TS,WA3,WA3TS,2,44,42.5019,-71.9012
TS,WA3,WA3TS,2,43,42.5019,-71.9012
TS,WA3,WA3TS,2,44,42.5019,-71.9012
TS,WA3,WA3TS,2,43,42.5019,-71.9012
TS,WA3,WA3TS,2,44,42.5019,-71.9012
TS,WA3,WA3TS,2,43,42.5019,-71.9012
TS,WA3,WA3TS,2,44,42.5019,-71.9012
TS,WA3,WA3TS,2,43,42.5019,-71.9012
TS,WA3,WA3TS,2,44,42.5019,-71.9012
TS,WA3,WA3TS,2,43,42.5019,-71.9012
TS,WA3,WA3TS,2,44,42.5019,-71.9012
TS,WA3,WA3TS,2,43,42.5019,-71.9012
TS,WA3,WA3TS,2,44,42.5019,-71.9012
TS,WA3,WA3TS,2,43,42.5019,-71.9012
TS,WA3,WA3TS,2,44,42.5019,-71.9012
TS,WA3,WA3TS,3,45,42.5017,-71.9012
TS,WA3,WA3TS,3,46,42.5017,-71.9012
TS,WA3,WA3TS,3,45,42.5017,-71.9012
TS,WA3,WA3TS,3,46,42.5017,-71.9012
TS,WA3,WA3TS,3,45,42.5017,-71.9012
TS,WA3,WA3TS,3,46,42.5017,-71.9012
TS,WA3,WA3TS,3,45,42.5017,-71.9012
TS,WA3,WA3TS,3,46,42.5017,-71.9012
TS,WA3,WA3TS,3,45,42.5017,-71.9012
TS,WA3,WA3TS,3,46,42.5017,-71.9012
TS,WA3,WA3TS,3,45,42.5017,-71.9012
TS,WA3,WA3TS,3,46,42.5017,-71.9012
TS,WA3,WA3TS,3,45,42.5017,-71.9012
TS,WA3,WA3TS,3,46,42.5017,-71.9012
TS,WA3,WA3TS,3,45,42.5017,-71.9012
TS,WA3,WA3TS,3,46,42.5017,-71.9012
TS,WA3,WA3TS,4,47,NA,NA
TS,WA3,WA3TS,4,48,NA,NA
TS,WA3,WA3TS,4,47,NA,NA
TS,WA3,WA3TS,4,48,NA,NA
TS,WA3,WA3TS,4,47,NA,NA
TS,WA3,WA3TS,4,48,NA,NA
TS,WA3,WA3TS,4,47,NA,NA
TS,WA3,WA3TS,4,48,NA,NA
TS,WA3,WA3TS,4,47,NA,NA
TS,WA3,WA3TS,4,48,NA,NA
TS,WA3,WA3TS,4,47,NA,NA
TS,WA3,WA3TS,4,48,NA,NA
TS,WA3,WA3TS,4,47,NA,NA
TS,WA3,WA3TS,4,48,NA,NA
TS,WA3,WA3TS,4,47,NA,NA
TS,WA3,WA3TS,4,48,NA,NA
TS,WA3,WA3TS,5,49,42.5018,-71.9015
TS,WA3,WA3TS,5,50,42.5018,-71.9015
TS,WA3,WA3TS,5,49,42.5018,-71.9015
TS,WA3,WA3TS,5,50,42.5018,-71.9015
TS,WA3,WA3TS,5,49,42.5018,-71.9015
TS,WA3,WA3TS,5,50,42.5018,-71.9015
TS,WA3,WA3TS,5,49,42.5018,-71.9015
TS,WA3,WA3TS,5,50,42.5018,-71.9015
TS,WA3,WA3TS,5,49,42.5018,-71.9015
TS,WA3,WA3TS,5,50,42.5018,-71.9015
TS,WA3,WA3TS,5,49,42.5018,-71.9015
TS,WA3,WA3TS,5,50,42.5018,-71.9015
TS,WA3,WA3TS,5,49,42.5018,-71.9015
TS,WA3,WA3TS,5,50,42.5018,-71.9015
TS,WA3,WA3TS,5,49,42.5018,-71.9015
TS,WA3,WA3TS,5,50,42.5018,-71.9015
MD,WA3,WA3MD,1,51,42.4998,-71.8988
MD,WA3,WA3MD,1,52,42.4998,-71.8988
MD,WA3,WA3MD,1,51,42.4998,-71.8988
MD,WA3,WA3MD,1,52,42.4998,-71.8988
MD,WA3,WA3MD,1,51,42.4998,-71.8988
MD,WA3,WA3MD,1,52,42.4998,-71.8988
MD,WA3,WA3MD,1,51,42.4998,-71.8988
MD,WA3,WA3MD,1,52,42.4998,-71.8988
MD,WA3,WA3MD,1,51,42.4998,-71.8988
MD,WA3,WA3MD,1,52,42.4998,-71.8988
MD,WA3,WA3MD,1,51,42.4998,-71.8988
MD,WA3,WA3MD,1,52,42.4998,-71.8988
MD,WA3,WA3MD,1,51,42.4998,-71.8988
MD,WA3,WA3MD,1,52,42.4998,-71.8988
MD,WA3,WA3MD,1,51,42.4998,-71.8988
MD,WA3,WA3MD,1,52,42.4998,-71.8988
MD,WA3,WA3MD,2,53,NA,NA
MD,WA3,WA3MD,2,54,NA,NA
MD,WA3,WA3MD,2,53,NA,NA
MD,WA3,WA3MD,2,54,NA,NA
MD,WA3,WA3MD,2,53,NA,NA
MD,WA3,WA3MD,2,54,NA,NA
MD,WA3,WA3MD,2,53,NA,NA
MD,WA3,WA3MD,2,54,NA,NA
MD,WA3,WA3MD,2,53,NA,NA
MD,WA3,WA3MD,2,54,NA,NA
MD,WA3,WA3MD,2,53,NA,NA
MD,WA3,WA3MD,2,54,NA,NA
MD,WA3,WA3MD,2,53,NA,NA
MD,WA3,WA3MD,2,54,NA,NA
MD,WA3,WA3MD,2,53,NA,NA
MD,WA3,WA3MD,2,54,NA,NA
MD,WA3,WA3MD,3,55,42.4996,-71.8986
MD,WA3,WA3MD,3,56,42.4996,-71.8986
MD,WA3,WA3MD,3,55,42.4996,-71.8986
MD,WA3,WA3MD,3,56,42.4996,-71.8986
MD,WA3,WA3MD,3,55,42.4996,-71.8986
MD,WA3,WA3MD,3,56,42.4996,-71.8986
MD,WA3,WA3MD,3,55,42.4996,-71.8986
MD,WA3,WA3MD,3,56,42.4996,-71.8986
MD,WA3,WA3MD,3,55,42.4996,-71.8986
MD,WA3,WA3MD,3,56,42.4996,-71.8986
MD,WA3,WA3MD,3,55,42.4996,-71.8986
MD,WA3,WA3MD,3,56,42.4996,-71.8986
MD,WA3,WA3MD,3,55,42.4996,-71.8986
MD,WA3,WA3MD,3,56,42.4996,-71.8986
MD,WA3,WA3MD,3,55,42.4996,-71.8986
MD,WA3,WA3MD,3,56,42.4996,-71.8986
MD,WA3,WA3MD,4,57,42.4996,-71.899
MD,WA3,WA3MD,4,58,42.4996,-71.899
MD,WA3,WA3MD,4,57,42.4996,-71.899
MD,WA3,WA3MD,4,58,42.4996,-71.899
MD,WA3,WA3MD,4,57,42.4996,-71.899
MD,WA3,WA3MD,4,58,42.4996,-71.899
MD,WA3,WA3MD,4,57,42.4996,-71.899
MD,WA3,WA3MD,4,58,42.4996,-71.899
MD,WA3,WA3MD,4,57,42.4996,-71.899
MD,WA3,WA3MD,4,58,42.4996,-71.899
MD,WA3,WA3MD,4,57,42.4996,-71.899
MD,WA3,WA3MD,4,58,42.4996,-71.899
MD,WA3,WA3MD,4,57,42.4996,-71.899
MD,WA3,WA3MD,4,58,42.4996,-71.899
MD,WA3,WA3MD,4,57,42.4996,-71.899
MD,WA3,WA3MD,4,58,42.4996,-71.899
MD,WA3,WA3MD,5,59,42.4997,-71.8988
MD,WA3,WA3MD,5,60,42.4997,-71.8988
MD,WA3,WA3MD,5,59,42.4997,-71.8988
MD,WA3,WA3MD,5,60,42.4997,-71.8988
MD,WA3,WA3MD,5,59,42.4997,-71.8988
MD,WA3,WA3MD,5,60,42.4997,-71.8988
MD,WA3,WA3MD,5,59,42.4997,-71.8988
MD,WA3,WA3MD,5,60,42.4997,-71.8988
MD,WA3,WA3MD,5,59,42.4997,-71.8988
MD,WA3,WA3MD,5,60,42.4997,-71.8988
MD,WA3,WA3MD,5,59,42.4997,-71.8988
MD,WA3,WA3MD,5,60,42.4997,-71.8988
MD,WA3,WA3MD,5,59,42.4997,-71.8988
MD,WA3,WA3MD,5,60,42.4997,-71.8988
MD,WA3,WA3MD,5,59,42.4997,-71.8988
MD,WA3,WA3MD,5,60,42.4997,-71.8988
TS,MR,MRTS,1,61,42.6277,-72.1937
TS,MR,MRTS,1,62,42.6277,-72.1937
TS,MR,MRTS,1,61,42.6277,-72.1937
TS,MR,MRTS,1,62,42.6277,-72.1937
TS,MR,MRTS,1,61,42.6277,-72.1937
TS,MR,MRTS,1,62,42.6277,-72.1937
TS,MR,MRTS,1,61,42.6277,-72.1937
TS,MR,MRTS,1,62,42.6277,-72.1937
TS,MR,MRTS,1,61,42.6277,-72.1937
TS,MR,MRTS,1,62,42.6277,-72.1937
TS,MR,MRTS,1,61,42.6277,-72.1937
TS,MR,MRTS,1,62,42.6277,-72.1937
TS,MR,MRTS,1,61,42.6277,-72.1937
TS,MR,MRTS,1,62,42.6277,-72.1937
TS,MR,MRTS,1,61,42.6277,-72.1937
TS,MR,MRTS,1,62,42.6277,-72.1937
TS,MR,MRTS,2,63,42.6274,-72.1938
TS,MR,MRTS,2,64,42.6274,-72.1938
TS,MR,MRTS,2,63,42.6274,-72.1938
TS,MR,MRTS,2,64,42.6274,-72.1938
TS,MR,MRTS,2,63,42.6274,-72.1938
TS,MR,MRTS,2,64,42.6274,-72.1938
TS,MR,MRTS,2,63,42.6274,-72.1938
TS,MR,MRTS,2,64,42.6274,-72.1938
TS,MR,MRTS,2,63,42.6274,-72.1938
TS,MR,MRTS,2,64,42.6274,-72.1938
TS,MR,MRTS,2,63,42.6274,-72.1938
TS,MR,MRTS,2,64,42.6274,-72.1938
TS,MR,MRTS,2,63,42.6274,-72.1938
TS,MR,MRTS,2,64,42.6274,-72.1938
TS,MR,MRTS,2,63,42.6274,-72.1938
TS,MR,MRTS,2,64,42.6274,-72.1938
TS,MR,MRTS,3,65,42.6271,-72.1938
TS,MR,MRTS,3,66,42.6271,-72.1938
TS,MR,MRTS,3,65,42.6271,-72.1938
TS,MR,MRTS,3,66,42.6271,-72.1938
TS,MR,MRTS,3,65,42.6271,-72.1938
TS,MR,MRTS,3,66,42.6271,-72.1938
TS,MR,MRTS,3,65,42.6271,-72.1938
TS,MR,MRTS,3,66,42.6271,-72.1938
TS,MR,MRTS,3,65,42.6271,-72.1938
TS,MR,MRTS,3,66,42.6271,-72.1938
TS,MR,MRTS,3,65,42.6271,-72.1938
TS,MR,MRTS,3,66,42.6271,-72.1938
TS,MR,MRTS,3,65,42.6271,-72.1938
TS,MR,MRTS,3,66,42.6271,-72.1938
TS,MR,MRTS,3,65,42.6271,-72.1938
TS,MR,MRTS,3,66,42.6271,-72.1938
TS,MR,MRTS,4,67,42.6275,-72.194
TS,MR,MRTS,4,68,42.6275,-72.194
TS,MR,MRTS,4,67,42.6275,-72.194
TS,MR,MRTS,4,68,42.6275,-72.194
TS,MR,MRTS,4,67,42.6275,-72.194
TS,MR,MRTS,4,68,42.6275,-72.194
TS,MR,MRTS,4,67,42.6275,-72.194
TS,MR,MRTS,4,68,42.6275,-72.194
TS,MR,MRTS,4,67,42.6275,-72.194
TS,MR,MRTS,4,68,42.6275,-72.194
TS,MR,MRTS,4,67,42.6275,-72.194
TS,MR,MRTS,4,68,42.6275,-72.194
TS,MR,MRTS,4,67,42.6275,-72.194
TS,MR,MRTS,4,68,42.6275,-72.194
TS,MR,MRTS,4,67,42.6275,-72.194
TS,MR,MRTS,4,68,42.6275,-72.194
TS,MR,MRTS,5,69,42.6273,-72.1937
TS,MR,MRTS,5,70,42.6273,-72.1937
TS,MR,MRTS,5,69,42.6273,-72.1937
TS,MR,MRTS,5,70,42.6273,-72.1937
TS,MR,MRTS,5,69,42.6273,-72.1937
TS,MR,MRTS,5,70,42.6273,-72.1937
TS,MR,MRTS,5,69,42.6273,-72.1937
TS,MR,MRTS,5,70,42.6273,-72.1937
TS,MR,MRTS,5,69,42.6273,-72.1937
TS,MR,MRTS,5,70,42.6273,-72.1937
TS,MR,MRTS,5,69,42.6273,-72.1937
TS,MR,MRTS,5,70,42.6273,-72.1937
TS,MR,MRTS,5,69,42.6273,-72.1937
TS,MR,MRTS,5,70,42.6273,-72.1937
TS,MR,MRTS,5,69,42.6273,-72.1937
TS,MR,MRTS,5,70,42.6273,-72.1937
MD,MR,MRMD,1,71,42.6273,-72.1927
MD,MR,MRMD,1,72,42.6273,-72.1927
MD,MR,MRMD,1,71,42.6273,-72.1927
MD,MR,MRMD,1,72,42.6273,-72.1927
MD,MR,MRMD,1,71,42.6273,-72.1927
MD,MR,MRMD,1,72,42.6273,-72.1927
MD,MR,MRMD,1,71,42.6273,-72.1927
MD,MR,MRMD,1,72,42.6273,-72.1927
MD,MR,MRMD,1,71,42.6273,-72.1927
MD,MR,MRMD,1,72,42.6273,-72.1927
MD,MR,MRMD,1,71,42.6273,-72.1927
MD,MR,MRMD,1,72,42.6273,-72.1927
MD,MR,MRMD,1,71,42.6273,-72.1927
MD,MR,MRMD,1,72,42.6273,-72.1927
MD,MR,MRMD,1,71,42.6273,-72.1927
MD,MR,MRMD,1,72,42.6273,-72.1927
MD,MR,MRMD,2,73,42.6272,-72.1923
MD,MR,MRMD,2,74,42.6272,-72.1923
MD,MR,MRMD,2,73,42.6272,-72.1923
MD,MR,MRMD,2,74,42.6272,-72.1923
MD,MR,MRMD,2,73,42.6272,-72.1923
MD,MR,MRMD,2,74,42.6272,-72.1923
MD,MR,MRMD,2,73,42.6272,-72.1923
MD,MR,MRMD,2,74,42.6272,-72.1923
MD,MR,MRMD,2,73,42.6272,-72.1923
MD,MR,MRMD,2,74,42.6272,-72.1923
MD,MR,MRMD,2,73,42.6272,-72.1923
MD,MR,MRMD,2,74,42.6272,-72.1923
MD,MR,MRMD,2,73,42.6272,-72.1923
MD,MR,MRMD,2,74,42.6272,-72.1923
MD,MR,MRMD,2,73,42.6272,-72.1923
MD,MR,MRMD,2,74,42.6272,-72.1923
MD,MR,MRMD,3,75,42.627,-72.1925
MD,MR,MRMD,3,76,42.627,-72.1925
MD,MR,MRMD,3,75,42.627,-72.1925
MD,MR,MRMD,3,76,42.627,-72.1925
MD,MR,MRMD,3,75,42.627,-72.1925
MD,MR,MRMD,3,76,42.627,-72.1925
MD,MR,MRMD,3,75,42.627,-72.1925
MD,MR,MRMD,3,76,42.627,-72.1925
MD,MR,MRMD,3,75,42.627,-72.1925
MD,MR,MRMD,3,76,42.627,-72.1925
MD,MR,MRMD,3,75,42.627,-72.1925
MD,MR,MRMD,3,76,42.627,-72.1925
MD,MR,MRMD,3,75,42.627,-72.1925
MD,MR,MRMD,3,76,42.627,-72.1925
MD,MR,MRMD,3,75,42.627,-72.1925
MD,MR,MRMD,3,76,42.627,-72.1925
MD,MR,MRMD,4,77,42.627,-72.193
MD,MR,MRMD,4,78,42.627,-72.193
MD,MR,MRMD,4,77,42.627,-72.193
MD,MR,MRMD,4,78,42.627,-72.193
MD,MR,MRMD,4,77,42.627,-72.193
MD,MR,MRMD,4,78,42.627,-72.193
MD,MR,MRMD,4,77,42.627,-72.193
MD,MR,MRMD,4,78,42.627,-72.193
MD,MR,MRMD,4,77,42.627,-72.193
MD,MR,MRMD,4,78,42.627,-72.193
MD,MR,MRMD,4,77,42.627,-72.193
MD,MR,MRMD,4,78,42.627,-72.193
MD,MR,MRMD,4,77,42.627,-72.193
MD,MR,MRMD,4,78,42.627,-72.193
MD,MR,MRMD,4,77,42.627,-72.193
MD,MR,MRMD,4,78,42.627,-72.193
MD,MR,MRMD,5,79,42.6271,-72.1927
MD,MR,MRMD,5,80,42.6271,-72.1927
MD,MR,MRMD,5,79,42.6271,-72.1927
MD,MR,MRMD,5,80,42.6271,-72.1927
MD,MR,MRMD,5,79,42.6271,-72.1927
MD,MR,MRMD,5,80,42.6271,-72.1927
MD,MR,MRMD,5,79,42.6271,-72.1927
MD,MR,MRMD,5,80,42.6271,-72.1927
MD,MR,MRMD,5,79,42.6271,-72.1927
MD,MR,MRMD,5,80,42.6271,-72.1927
MD,MR,MRMD,5,79,42.6271,-72.1927
MD,MR,MRMD,5,80,42.6271,-72.1927
MD,MR,MRMD,5,79,42.6271,-72.1927
MD,MR,MRMD,5,80,42.6271,-72.1927
MD,MR,MRMD,5,79,42.6271,-72.1927
MD,MR,MRMD,5,80,42.6271,-72.1927
TS,BH,BHTS,1,81,42.6792,-72.1414
TS,BH,BHTS,1,82,42.6792,-72.1414
TS,BH,BHTS,1,81,42.6792,-72.1414
TS,BH,BHTS,1,82,42.6792,-72.1414
TS,BH,BHTS,1,81,42.6792,-72.1414
TS,BH,BHTS,1,82,42.6792,-72.1414
TS,BH,BHTS,1,81,42.6792,-72.1414
TS,BH,BHTS,1,82,42.6792,-72.1414
TS,BH,BHTS,1,81,42.6792,-72.1414
TS,BH,BHTS,1,82,42.6792,-72.1414
TS,BH,BHTS,1,81,42.6792,-72.1414
TS,BH,BHTS,1,82,42.6792,-72.1414
TS,BH,BHTS,1,81,42.6792,-72.1414
TS,BH,BHTS,1,82,42.6792,-72.1414
TS,BH,BHTS,2,83,42.6789,-72.1412
TS,BH,BHTS,2,84,42.6789,-72.1412
TS,BH,BHTS,2,83,42.6789,-72.1412
TS,BH,BHTS,2,84,42.6789,-72.1412
TS,BH,BHTS,2,83,42.6789,-72.1412
TS,BH,BHTS,2,84,42.6789,-72.1412
TS,BH,BHTS,2,83,42.6789,-72.1412
TS,BH,BHTS,2,84,42.6789,-72.1412
TS,BH,BHTS,2,83,42.6789,-72.1412
TS,BH,BHTS,2,84,42.6789,-72.1412
TS,BH,BHTS,2,83,42.6789,-72.1412
TS,BH,BHTS,2,84,42.6789,-72.1412
TS,BH,BHTS,2,83,42.6789,-72.1412
TS,BH,BHTS,2,84,42.6789,-72.1412
TS,BH,BHTS,3,85,42.6789,-72.1418
TS,BH,BHTS,3,86,42.6789,-72.1418
TS,BH,BHTS,3,85,42.6789,-72.1418
TS,BH,BHTS,3,86,42.6789,-72.1418
TS,BH,BHTS,3,85,42.6789,-72.1418
TS,BH,BHTS,3,86,42.6789,-72.1418
TS,BH,BHTS,3,85,42.6789,-72.1418
TS,BH,BHTS,3,86,42.6789,-72.1418
TS,BH,BHTS,3,85,42.6789,-72.1418
TS,BH,BHTS,3,86,42.6789,-72.1418
TS,BH,BHTS,3,85,42.6789,-72.1418
TS,BH,BHTS,3,86,42.6789,-72.1418
TS,BH,BHTS,3,85,42.6789,-72.1418
TS,BH,BHTS,3,86,42.6789,-72.1418
TS,BH,BHTS,4,87,42.6791,-72.1419
TS,BH,BHTS,4,88,42.6791,-72.1419
TS,BH,BHTS,4,87,42.6791,-72.1419
TS,BH,BHTS,4,88,42.6791,-72.1419
TS,BH,BHTS,4,87,42.6791,-72.1419
TS,BH,BHTS,4,88,42.6791,-72.1419
TS,BH,BHTS,4,87,42.6791,-72.1419
TS,BH,BHTS,4,88,42.6791,-72.1419
TS,BH,BHTS,4,87,42.6791,-72.1419
TS,BH,BHTS,4,88,42.6791,-72.1419
TS,BH,BHTS,4,87,42.6791,-72.1419
TS,BH,BHTS,4,88,42.6791,-72.1419
TS,BH,BHTS,4,87,42.6791,-72.1419
TS,BH,BHTS,4,88,42.6791,-72.1419
TS,BH,BHTS,5,89,42.6791,-72.1415
TS,BH,BHTS,5,90,42.6791,-72.1415
TS,BH,BHTS,5,89,42.6791,-72.1415
TS,BH,BHTS,5,90,42.6791,-72.1415
TS,BH,BHTS,5,89,42.6791,-72.1415
TS,BH,BHTS,5,90,42.6791,-72.1415
TS,BH,BHTS,5,89,42.6791,-72.1415
TS,BH,BHTS,5,90,42.6791,-72.1415
TS,BH,BHTS,5,89,42.6791,-72.1415
TS,BH,BHTS,5,90,42.6791,-72.1415
TS,BH,BHTS,5,89,42.6791,-72.1415
TS,BH,BHTS,5,90,42.6791,-72.1415
TS,BH,BHTS,5,89,42.6791,-72.1415
TS,BH,BHTS,5,90,42.6791,-72.1415
MD,BH,BHMD,1,91,42.6762,-72.1389
MD,BH,BHMD,1,92,42.6762,-72.1389
MD,BH,BHMD,1,91,42.6762,-72.1389
MD,BH,BHMD,1,92,42.6762,-72.1389
MD,BH,BHMD,1,91,42.6762,-72.1389
MD,BH,BHMD,1,92,42.6762,-72.1389
MD,BH,BHMD,1,91,42.6762,-72.1389
MD,BH,BHMD,1,92,42.6762,-72.1389
MD,BH,BHMD,1,91,42.6762,-72.1389
MD,BH,BHMD,1,92,42.6762,-72.1389
MD,BH,BHMD,1,91,42.6762,-72.1389
MD,BH,BHMD,1,92,42.6762,-72.1389
MD,BH,BHMD,1,91,42.6762,-72.1389
MD,BH,BHMD,1,92,42.6762,-72.1389
MD,BH,BHMD,2,93,42.676,-72.1385
MD,BH,BHMD,2,94,42.676,-72.1385
MD,BH,BHMD,2,93,42.676,-72.1385
MD,BH,BHMD,2,94,42.676,-72.1385
MD,BH,BHMD,2,93,42.676,-72.1385
MD,BH,BHMD,2,94,42.676,-72.1385
MD,BH,BHMD,2,93,42.676,-72.1385
MD,BH,BHMD,2,94,42.676,-72.1385
MD,BH,BHMD,2,93,42.676,-72.1385
MD,BH,BHMD,2,94,42.676,-72.1385
MD,BH,BHMD,2,93,42.676,-72.1385
MD,BH,BHMD,2,94,42.676,-72.1385
MD,BH,BHMD,2,93,42.676,-72.1385
MD,BH,BHMD,2,94,42.676,-72.1385
MD,BH,BHMD,3,95,42.6758,-72.1386
MD,BH,BHMD,3,96,42.6758,-72.1386
MD,BH,BHMD,3,95,42.6758,-72.1386
MD,BH,BHMD,3,96,42.6758,-72.1386
MD,BH,BHMD,3,95,42.6758,-72.1386
MD,BH,BHMD,3,96,42.6758,-72.1386
MD,BH,BHMD,3,95,42.6758,-72.1386
MD,BH,BHMD,3,96,42.6758,-72.1386
MD,BH,BHMD,3,95,42.6758,-72.1386
MD,BH,BHMD,3,96,42.6758,-72.1386
MD,BH,BHMD,3,95,42.6758,-72.1386
MD,BH,BHMD,3,96,42.6758,-72.1386
MD,BH,BHMD,3,95,42.6758,-72.1386
MD,BH,BHMD,3,96,42.6758,-72.1386
MD,BH,BHMD,4,97,42.6758,-72.1391
MD,BH,BHMD,4,98,42.6758,-72.1391
MD,BH,BHMD,4,97,42.6758,-72.1391
MD,BH,BHMD,4,98,42.6758,-72.1391
MD,BH,BHMD,4,97,42.6758,-72.1391
MD,BH,BHMD,4,98,42.6758,-72.1391
MD,BH,BHMD,4,97,42.6758,-72.1391
MD,BH,BHMD,4,98,42.6758,-72.1391
MD,BH,BHMD,4,97,42.6758,-72.1391
MD,BH,BHMD,4,98,42.6758,-72.1391
MD,BH,BHMD,4,97,42.6758,-72.1391
MD,BH,BHMD,4,98,42.6758,-72.1391
MD,BH,BHMD,4,97,42.6758,-72.1391
MD,BH,BHMD,4,98,42.6758,-72.1391
MD,BH,BHMD,5,99,42.6759,-72.1388
MD,BH,BHMD,5,100,42.6759,-72.1388
MD,BH,BHMD,5,99,42.6759,-72.1388
MD,BH,BHMD,5,100,42.6759,-72.1388
MD,BH,BHMD,5,99,42.6759,-72.1388
MD,BH,BHMD,5,100,42.6759,-72.1388
MD,BH,BHMD,5,99,42.6759,-72.1388
MD,BH,BHMD,5,100,42.6759,-72.1388
MD,BH,BHMD,5,99,42.6759,-72.1388
MD,BH,BHMD,5,100,42.6759,-72.1388
MD,BH,BHMD,5,99,42.6759,-72.1388
MD,BH,BHMD,5,100,42.6759,-72.1388
MD,BH,BHMD,5,99,42.6759,-72.1388
MD,BH,BHMD,5,100,42.6759,-72.1388
TS,ER1,ER1TS,1,101,42.6282,-72.3664
TS,ER1,ER1TS,1,102,42.6282,-72.3664
TS,ER1,ER1TS,1,101,42.6282,-72.3664
TS,ER1,ER1TS,1,102,42.6282,-72.3664
TS,ER1,ER1TS,1,101,42.6282,-72.3664
TS,ER1,ER1TS,1,102,42.6282,-72.3664
TS,ER1,ER1TS,1,101,42.6282,-72.3664
TS,ER1,ER1TS,1,102,42.6282,-72.3664
TS,ER1,ER1TS,1,109,42.6282,-72.3664
TS,ER1,ER1TS,1,110,42.6282,-72.3664
TS,ER1,ER1TS,1,101,42.6282,-72.3664
TS,ER1,ER1TS,1,102,42.6282,-72.3664
TS,ER1,ER1TS,1,101,42.6282,-72.3664
TS,ER1,ER1TS,1,102,42.6282,-72.3664
TS,ER1,ER1TS,1,101,42.6282,-72.3664
TS,ER1,ER1TS,1,102,42.6282,-72.3664
TS,ER1,ER1TS,2,103,42.6282,-72.366
TS,ER1,ER1TS,2,104,42.6282,-72.366
TS,ER1,ER1TS,2,103,42.6282,-72.366
TS,ER1,ER1TS,2,104,42.6282,-72.366
TS,ER1,ER1TS,2,103,42.6282,-72.366
TS,ER1,ER1TS,2,104,42.6282,-72.366
TS,ER1,ER1TS,2,103,42.6282,-72.366
TS,ER1,ER1TS,2,104,42.6282,-72.366
TS,ER1,ER1TS,2,111,42.6282,-72.366
TS,ER1,ER1TS,2,112,42.6282,-72.366
TS,ER1,ER1TS,2,103,42.6282,-72.366
TS,ER1,ER1TS,2,104,42.6282,-72.366
TS,ER1,ER1TS,2,103,42.6282,-72.366
TS,ER1,ER1TS,2,104,42.6282,-72.366
TS,ER1,ER1TS,2,103,42.6282,-72.366
TS,ER1,ER1TS,2,104,42.6282,-72.366
TS,ER1,ER1TS,3,105,42.6277,-72.366
TS,ER1,ER1TS,3,106,42.6277,-72.366
TS,ER1,ER1TS,3,105,42.6277,-72.366
TS,ER1,ER1TS,3,106,42.6277,-72.366
TS,ER1,ER1TS,3,105,42.6277,-72.366
TS,ER1,ER1TS,3,106,42.6277,-72.366
TS,ER1,ER1TS,3,105,42.6277,-72.366
TS,ER1,ER1TS,3,106,42.6277,-72.366
TS,ER1,ER1TS,3,113,42.6277,-72.366
TS,ER1,ER1TS,3,114,42.6277,-72.366
TS,ER1,ER1TS,3,105,42.6277,-72.366
TS,ER1,ER1TS,3,106,42.6277,-72.366
TS,ER1,ER1TS,3,105,42.6277,-72.366
TS,ER1,ER1TS,3,106,42.6277,-72.366
TS,ER1,ER1TS,3,105,42.6277,-72.366
TS,ER1,ER1TS,3,106,42.6277,-72.366
TS,ER1,ER1TS,4,107,42.6279,-72.3664
TS,ER1,ER1TS,4,108,42.6279,-72.3664
TS,ER1,ER1TS,4,107,42.6279,-72.3664
TS,ER1,ER1TS,4,108,42.6279,-72.3664
TS,ER1,ER1TS,4,107,42.6279,-72.3664
TS,ER1,ER1TS,4,108,42.6279,-72.3664
TS,ER1,ER1TS,4,107,42.6279,-72.3664
TS,ER1,ER1TS,4,108,42.6279,-72.3664
TS,ER1,ER1TS,4,115,42.6279,-72.3664
TS,ER1,ER1TS,4,116,42.6279,-72.3664
TS,ER1,ER1TS,4,107,42.6279,-72.3664
TS,ER1,ER1TS,4,108,42.6279,-72.3664
TS,ER1,ER1TS,4,107,42.6279,-72.3664
TS,ER1,ER1TS,4,108,42.6279,-72.3664
TS,ER1,ER1TS,4,107,42.6279,-72.3664
TS,ER1,ER1TS,4,108,42.6279,-72.3664
TS,ER1,ER1TS,5,109,42.6281,-72.3661
TS,ER1,ER1TS,5,110,42.6281,-72.3661
TS,ER1,ER1TS,5,109,42.6281,-72.3661
TS,ER1,ER1TS,5,110,42.6281,-72.3661
TS,ER1,ER1TS,5,109,42.6281,-72.3661
TS,ER1,ER1TS,5,110,42.6281,-72.3661
TS,ER1,ER1TS,5,109,42.6281,-72.3661
TS,ER1,ER1TS,5,110,42.6281,-72.3661
TS,ER1,ER1TS,5,117,42.6281,-72.3661
TS,ER1,ER1TS,5,118,42.6281,-72.3661
TS,ER1,ER1TS,5,109,42.6281,-72.3661
TS,ER1,ER1TS,5,110,42.6281,-72.3661
TS,ER1,ER1TS,5,109,42.6281,-72.3661
TS,ER1,ER1TS,5,110,42.6281,-72.3661
TS,ER1,ER1TS,5,109,42.6281,-72.3661
TS,ER1,ER1TS,5,110,42.6281,-72.3661
MD,ER1,ER1MD,1,111,42.6292,-72.3686
MD,ER1,ER1MD,1,112,42.6292,-72.3686
MD,ER1,ER1MD,1,111,42.6292,-72.3686
MD,ER1,ER1MD,1,112,42.6292,-72.3686
MD,ER1,ER1MD,1,111,42.6292,-72.3686
MD,ER1,ER1MD,1,112,42.6292,-72.3686
MD,ER1,ER1MD,1,111,42.6292,-72.3686
MD,ER1,ER1MD,1,112,42.6292,-72.3686
MD,ER1,ER1MD,1,111,42.6292,-72.3686
MD,ER1,ER1MD,1,112,42.6292,-72.3686
MD,ER1,ER1MD,1,111,42.6292,-72.3686
MD,ER1,ER1MD,1,112,42.6292,-72.3686
MD,ER1,ER1MD,1,111,42.6292,-72.3686
MD,ER1,ER1MD,1,112,42.6292,-72.3686
MD,ER1,ER1MD,1,111,42.6292,-72.3686
MD,ER1,ER1MD,1,112,42.6292,-72.3686
MD,ER1,ER1MD,2,113,42.629,-72.3682
MD,ER1,ER1MD,2,114,42.629,-72.3682
MD,ER1,ER1MD,2,113,42.629,-72.3682
MD,ER1,ER1MD,2,114,42.629,-72.3682
MD,ER1,ER1MD,2,113,42.629,-72.3682
MD,ER1,ER1MD,2,114,42.629,-72.3682
MD,ER1,ER1MD,2,113,42.629,-72.3682
MD,ER1,ER1MD,2,114,42.629,-72.3682
MD,ER1,ER1MD,2,113,42.629,-72.3682
MD,ER1,ER1MD,2,114,42.629,-72.3682
MD,ER1,ER1MD,2,113,42.629,-72.3682
MD,ER1,ER1MD,2,114,42.629,-72.3682
MD,ER1,ER1MD,2,113,42.629,-72.3682
MD,ER1,ER1MD,2,114,42.629,-72.3682
MD,ER1,ER1MD,2,113,42.629,-72.3682
MD,ER1,ER1MD,2,114,42.629,-72.3682
MD,ER1,ER1MD,3,115,42.6286,-72.3686
MD,ER1,ER1MD,3,116,42.6286,-72.3686
MD,ER1,ER1MD,3,115,42.6286,-72.3686
MD,ER1,ER1MD,3,116,42.6286,-72.3686
MD,ER1,ER1MD,3,115,42.6286,-72.3686
MD,ER1,ER1MD,3,116,42.6286,-72.3686
MD,ER1,ER1MD,3,115,42.6286,-72.3686
MD,ER1,ER1MD,3,116,42.6286,-72.3686
MD,ER1,ER1MD,3,115,42.6286,-72.3686
MD,ER1,ER1MD,3,116,42.6286,-72.3686
MD,ER1,ER1MD,3,115,42.6286,-72.3686
MD,ER1,ER1MD,3,116,42.6286,-72.3686
MD,ER1,ER1MD,3,115,42.6286,-72.3686
MD,ER1,ER1MD,3,116,42.6286,-72.3686
MD,ER1,ER1MD,3,115,42.6286,-72.3686
MD,ER1,ER1MD,3,116,42.6286,-72.3686
MD,ER1,ER1MD,4,117,42.6287,-72.3688
MD,ER1,ER1MD,4,118,42.6287,-72.3688
MD,ER1,ER1MD,4,117,42.6287,-72.3688
MD,ER1,ER1MD,4,118,42.6287,-72.3688
MD,ER1,ER1MD,4,117,42.6287,-72.3688
MD,ER1,ER1MD,4,118,42.6287,-72.3688
MD,ER1,ER1MD,4,117,42.6287,-72.3688
MD,ER1,ER1MD,4,118,42.6287,-72.3688
MD,ER1,ER1MD,4,117,42.6287,-72.3688
MD,ER1,ER1MD,4,118,42.6287,-72.3688
MD,ER1,ER1MD,4,117,42.6287,-72.3688
MD,ER1,ER1MD,4,118,42.6287,-72.3688
MD,ER1,ER1MD,4,117,42.6287,-72.3688
MD,ER1,ER1MD,4,118,42.6287,-72.3688
MD,ER1,ER1MD,4,117,42.6287,-72.3688
MD,ER1,ER1MD,4,118,42.6287,-72.3688
MD,ER1,ER1MD,5,119,42.6289,-72.3687
MD,ER1,ER1MD,5,120,42.6289,-72.3687
MD,ER1,ER1MD,5,119,42.6289,-72.3687
MD,ER1,ER1MD,5,120,42.6289,-72.3687
MD,ER1,ER1MD,5,119,42.6289,-72.3687
MD,ER1,ER1MD,5,120,42.6289,-72.3687
MD,ER1,ER1MD,5,119,42.6289,-72.3687
MD,ER1,ER1MD,5,120,42.6289,-72.3687
MD,ER1,ER1MD,5,119,42.6289,-72.3687
MD,ER1,ER1MD,5,120,42.6289,-72.3687
MD,ER1,ER1MD,5,119,42.6289,-72.3687
MD,ER1,ER1MD,5,120,42.6289,-72.3687
MD,ER1,ER1MD,5,119,42.6289,-72.3687
MD,ER1,ER1MD,5,120,42.6289,-72.3687
MD,ER1,ER1MD,5,119,42.6289,-72.3687
MD,ER1,ER1MD,5,120,42.6289,-72.3687
TS,ER2,ER2TS,1,121,42.6175,-72.3935
TS,ER2,ER2TS,1,122,42.6175,-72.3935
TS,ER2,ER2TS,1,121,42.6175,-72.3935
TS,ER2,ER2TS,1,122,42.6175,-72.3935
TS,ER2,ER2TS,1,121,42.6175,-72.3935
TS,ER2,ER2TS,1,122,42.6175,-72.3935
TS,ER2,ER2TS,1,121,42.6175,-72.3935
TS,ER2,ER2TS,1,122,42.6175,-72.3935
TS,ER2,ER2TS,1,121,42.6175,-72.3935
TS,ER2,ER2TS,1,122,42.6175,-72.3935
TS,ER2,ER2TS,1,121,42.6175,-72.3935
TS,ER2,ER2TS,1,122,42.6175,-72.3935
TS,ER2,ER2TS,1,121,42.6175,-72.3935
TS,ER2,ER2TS,1,122,42.6175,-72.3935
TS,ER2,ER2TS,1,121,42.6175,-72.3935
TS,ER2,ER2TS,1,122,42.6175,-72.3935
TS,ER2,ER2TS,2,123,42.6175,-72.3933
TS,ER2,ER2TS,2,124,42.6175,-72.3933
TS,ER2,ER2TS,2,123,42.6175,-72.3933
TS,ER2,ER2TS,2,124,42.6175,-72.3933
TS,ER2,ER2TS,2,123,42.6175,-72.3933
TS,ER2,ER2TS,2,124,42.6175,-72.3933
TS,ER2,ER2TS,2,123,42.6175,-72.3933
TS,ER2,ER2TS,2,124,42.6175,-72.3933
TS,ER2,ER2TS,2,123,42.6175,-72.3933
TS,ER2,ER2TS,2,124,42.6175,-72.3933
TS,ER2,ER2TS,2,123,42.6175,-72.3933
TS,ER2,ER2TS,2,124,42.6175,-72.3933
TS,ER2,ER2TS,2,123,42.6175,-72.3933
TS,ER2,ER2TS,2,124,42.6175,-72.3933
TS,ER2,ER2TS,2,124,42.6175,-72.3933
TS,ER2,ER2TS,2,123,42.6175,-72.3933
TS,ER2,ER2TS,2,124,42.6175,-72.3933
TS,ER2,ER2TS,3,125,42.6172,-72.3933
TS,ER2,ER2TS,3,126,42.6172,-72.3933
TS,ER2,ER2TS,3,125,42.6172,-72.3933
TS,ER2,ER2TS,3,126,42.6172,-72.3933
TS,ER2,ER2TS,3,125,42.6172,-72.3933
TS,ER2,ER2TS,3,126,42.6172,-72.3933
TS,ER2,ER2TS,3,125,42.6172,-72.3933
TS,ER2,ER2TS,3,126,42.6172,-72.3933
TS,ER2,ER2TS,3,125,42.6172,-72.3933
TS,ER2,ER2TS,3,126,42.6172,-72.3933
TS,ER2,ER2TS,3,125,42.6172,-72.3933
TS,ER2,ER2TS,3,126,42.6172,-72.3933
TS,ER2,ER2TS,3,125,42.6172,-72.3933
TS,ER2,ER2TS,3,125,42.6172,-72.3933
TS,ER2,ER2TS,3,126,42.6172,-72.3933
TS,ER2,ER2TS,3,125,42.6172,-72.3933
TS,ER2,ER2TS,3,126,42.6172,-72.3933
TS,ER2,ER2TS,4,127,42.6171,-72.3936
TS,ER2,ER2TS,4,128,42.6171,-72.3936
TS,ER2,ER2TS,4,127,42.6171,-72.3936
TS,ER2,ER2TS,4,128,42.6171,-72.3936
TS,ER2,ER2TS,4,127,42.6171,-72.3936
TS,ER2,ER2TS,4,128,42.6171,-72.3936
TS,ER2,ER2TS,4,127,42.6171,-72.3936
TS,ER2,ER2TS,4,128,42.6171,-72.3936
TS,ER2,ER2TS,4,127,42.6171,-72.3936
TS,ER2,ER2TS,4,128,42.6171,-72.3936
TS,ER2,ER2TS,4,127,42.6171,-72.3936
TS,ER2,ER2TS,4,128,42.6171,-72.3936
TS,ER2,ER2TS,4,127,42.6171,-72.3936
TS,ER2,ER2TS,4,128,42.6171,-72.3936
TS,ER2,ER2TS,4,127,42.6171,-72.3936
TS,ER2,ER2TS,4,128,42.6171,-72.3936
TS,ER2,ER2TS,5,129,42.6174,-72.3934
TS,ER2,ER2TS,5,130,42.6174,-72.3934
TS,ER2,ER2TS,5,129,42.6174,-72.3934
TS,ER2,ER2TS,5,130,42.6174,-72.3934
TS,ER2,ER2TS,5,129,42.6174,-72.3934
TS,ER2,ER2TS,5,130,42.6174,-72.3934
TS,ER2,ER2TS,5,129,42.6174,-72.3934
TS,ER2,ER2TS,5,130,42.6174,-72.3934
TS,ER2,ER2TS,5,129,42.6174,-72.3934
TS,ER2,ER2TS,5,130,42.6174,-72.3934
TS,ER2,ER2TS,5,129,42.6174,-72.3934
TS,ER2,ER2TS,5,130,42.6174,-72.3934
TS,ER2,ER2TS,5,129,42.6174,-72.3934
TS,ER2,ER2TS,5,130,42.6174,-72.3934
TS,ER2,ER2TS,5,129,42.6174,-72.3934
TS,ER2,ER2TS,5,130,42.6174,-72.3934
MD,ER2,ER2MD,1,131,42.6156,-72.3945
MD,ER2,ER2MD,1,132,42.6156,-72.3945
MD,ER2,ER2MD,1,131,42.6156,-72.3945
MD,ER2,ER2MD,1,132,42.6156,-72.3945
MD,ER2,ER2MD,1,131,42.6156,-72.3945
MD,ER2,ER2MD,1,132,42.6156,-72.3945
MD,ER2,ER2MD,1,131,42.6156,-72.3945
MD,ER2,ER2MD,1,132,42.6156,-72.3945
MD,ER2,ER2MD,1,131,42.6156,-72.3945
MD,ER2,ER2MD,1,132,42.6156,-72.3945
MD,ER2,ER2MD,1,131,42.6156,-72.3945
MD,ER2,ER2MD,1,132,42.6156,-72.3945
MD,ER2,ER2MD,1,131,42.6156,-72.3945
MD,ER2,ER2MD,1,132,42.6156,-72.3945
MD,ER2,ER2MD,1,131,42.6156,-72.3945
MD,ER2,ER2MD,1,132,42.6156,-72.3945
MD,ER2,ER2MD,2,133,42.6153,-72.394
MD,ER2,ER2MD,2,134,42.6153,-72.394
MD,ER2,ER2MD,2,133,42.6153,-72.394
MD,ER2,ER2MD,2,134,42.6153,-72.394
MD,ER2,ER2MD,2,133,42.6153,-72.394
MD,ER2,ER2MD,2,134,42.6153,-72.394
MD,ER2,ER2MD,2,133,42.6153,-72.394
MD,ER2,ER2MD,2,134,42.6153,-72.394
MD,ER2,ER2MD,2,133,42.6153,-72.394
MD,ER2,ER2MD,2,134,42.6153,-72.394
MD,ER2,ER2MD,2,133,42.6153,-72.394
MD,ER2,ER2MD,2,134,42.6153,-72.394
MD,ER2,ER2MD,2,133,42.6153,-72.394
MD,ER2,ER2MD,2,134,42.6153,-72.394
MD,ER2,ER2MD,2,133,42.6153,-72.394
MD,ER2,ER2MD,2,134,42.6153,-72.394
MD,ER2,ER2MD,3,135,42.6151,-72.3941
MD,ER2,ER2MD,3,136,42.6151,-72.3941
MD,ER2,ER2MD,3,135,42.6151,-72.3941
MD,ER2,ER2MD,3,136,42.6151,-72.3941
MD,ER2,ER2MD,3,135,42.6151,-72.3941
MD,ER2,ER2MD,3,136,42.6151,-72.3941
MD,ER2,ER2MD,3,135,42.6151,-72.3941
MD,ER2,ER2MD,3,136,42.6151,-72.3941
MD,ER2,ER2MD,3,135,42.6151,-72.3941
MD,ER2,ER2MD,3,136,42.6151,-72.3941
MD,ER2,ER2MD,3,135,42.6151,-72.3941
MD,ER2,ER2MD,3,136,42.6151,-72.3941
MD,ER2,ER2MD,3,135,42.6151,-72.3941
MD,ER2,ER2MD,3,136,42.6151,-72.3941
MD,ER2,ER2MD,3,135,42.6151,-72.3941
MD,ER2,ER2MD,3,136,42.6151,-72.3941
MD,ER2,ER2MD,4,137,42.6154,-72.3946
MD,ER2,ER2MD,4,138,42.6154,-72.3946
MD,ER2,ER2MD,4,137,42.6154,-72.3946
MD,ER2,ER2MD,4,138,42.6154,-72.3946
MD,ER2,ER2MD,4,137,42.6154,-72.3946
MD,ER2,ER2MD,4,138,42.6154,-72.3946
MD,ER2,ER2MD,4,137,42.6154,-72.3946
MD,ER2,ER2MD,4,138,42.6154,-72.3946
MD,ER2,ER2MD,4,137,42.6154,-72.3946
MD,ER2,ER2MD,4,138,42.6154,-72.3946
MD,ER2,ER2MD,4,137,42.6154,-72.3946
MD,ER2,ER2MD,4,138,42.6154,-72.3946
MD,ER2,ER2MD,4,137,42.6154,-72.3946
MD,ER2,ER2MD,4,138,42.6154,-72.3946
MD,ER2,ER2MD,4,138,42.6154,-72.3946
MD,ER2,ER2MD,4,138,42.6154,-72.3946
MD,ER2,ER2MD,4,137,42.6154,-72.3946
MD,ER2,ER2MD,4,138,42.6154,-72.3946
MD,ER2,ER2MD,5,139,42.6154,-72.3944
MD,ER2,ER2MD,5,140,42.6154,-72.3944
MD,ER2,ER2MD,5,139,42.6154,-72.3944
MD,ER2,ER2MD,5,140,42.6154,-72.3944
MD,ER2,ER2MD,5,139,42.6154,-72.3944
MD,ER2,ER2MD,5,140,42.6154,-72.3944
MD,ER2,ER2MD,5,139,42.6154,-72.3944
MD,ER2,ER2MD,5,140,42.6154,-72.3944
MD,ER2,ER2MD,5,139,42.6154,-72.3944
MD,ER2,ER2MD,5,140,42.6154,-72.3944
MD,ER2,ER2MD,5,139,42.6154,-72.3944
MD,ER2,ER2MD,5,140,42.6154,-72.3944
MD,ER2,ER2MD,5,139,42.6154,-72.3944
MD,ER2,ER2MD,5,140,42.6154,-72.3944
MD,ER2,ER2MD,5,139,42.6154,-72.3944
MD,ER2,ER2MD,5,140,42.6154,-72.3944
TS,WSF,WSFTS,1,141,42.6804,-72.286
TS,WSF,WSFTS,1,142,42.6804,-72.286
TS,WSF,WSFTS,1,141,42.6804,-72.286
TS,WSF,WSFTS,1,142,42.6804,-72.286
TS,WSF,WSFTS,1,141,42.6804,-72.286
TS,WSF,WSFTS,1,142,42.6804,-72.286
TS,WSF,WSFTS,1,141,42.6804,-72.286
TS,WSF,WSFTS,1,142,42.6804,-72.286
TS,WSF,WSFTS,1,141,42.6804,-72.286
TS,WSF,WSFTS,1,142,42.6804,-72.286
TS,WSF,WSFTS,1,141,42.6804,-72.286
TS,WSF,WSFTS,1,142,42.6804,-72.286
TS,WSF,WSFTS,1,141,42.6804,-72.286
TS,WSF,WSFTS,1,142,42.6804,-72.286
TS,WSF,WSFTS,1,141,42.6804,-72.286
TS,WSF,WSFTS,1,142,42.6804,-72.286
TS,WSF,WSFTS,2,143,42.6801,-72.2857
TS,WSF,WSFTS,2,144,42.6801,-72.2857
TS,WSF,WSFTS,2,143,42.6801,-72.2857
TS,WSF,WSFTS,2,144,42.6801,-72.2857
TS,WSF,WSFTS,2,143,42.6801,-72.2857
TS,WSF,WSFTS,2,144,42.6801,-72.2857
TS,WSF,WSFTS,2,143,42.6801,-72.2857
TS,WSF,WSFTS,2,144,42.6801,-72.2857
TS,WSF,WSFTS,2,143,42.6801,-72.2857
TS,WSF,WSFTS,2,144,42.6801,-72.2857
TS,WSF,WSFTS,2,143,42.6801,-72.2857
TS,WSF,WSFTS,2,144,42.6801,-72.2857
TS,WSF,WSFTS,2,143,42.6801,-72.2857
TS,WSF,WSFTS,2,144,42.6801,-72.2857
TS,WSF,WSFTS,2,143,42.6801,-72.2857
TS,WSF,WSFTS,2,144,42.6801,-72.2857
TS,WSF,WSFTS,3,145,42.6799,-72.286
TS,WSF,WSFTS,3,146,42.6799,-72.286
TS,WSF,WSFTS,3,145,42.6799,-72.286
TS,WSF,WSFTS,3,146,42.6799,-72.286
TS,WSF,WSFTS,3,145,42.6799,-72.286
TS,WSF,WSFTS,3,146,42.6799,-72.286
TS,WSF,WSFTS,3,145,42.6799,-72.286
TS,WSF,WSFTS,3,146,42.6799,-72.286
TS,WSF,WSFTS,3,145,42.6799,-72.286
TS,WSF,WSFTS,3,146,42.6799,-72.286
TS,WSF,WSFTS,3,145,42.6799,-72.286
TS,WSF,WSFTS,3,146,42.6799,-72.286
TS,WSF,WSFTS,3,145,42.6799,-72.286
TS,WSF,WSFTS,3,146,42.6799,-72.286
TS,WSF,WSFTS,3,145,42.6799,-72.286
TS,WSF,WSFTS,3,146,42.6799,-72.286
TS,WSF,WSFTS,4,147,42.6803,-72.2864
TS,WSF,WSFTS,4,148,42.6803,-72.2864
TS,WSF,WSFTS,4,147,42.6803,-72.2864
TS,WSF,WSFTS,4,148,42.6803,-72.2864
TS,WSF,WSFTS,4,147,42.6803,-72.2864
TS,WSF,WSFTS,4,148,42.6803,-72.2864
TS,WSF,WSFTS,4,147,42.6803,-72.2864
TS,WSF,WSFTS,4,148,42.6803,-72.2864
TS,WSF,WSFTS,4,147,42.6803,-72.2864
TS,WSF,WSFTS,4,148,42.6803,-72.2864
TS,WSF,WSFTS,4,147,42.6803,-72.2864
TS,WSF,WSFTS,4,148,42.6803,-72.2864
TS,WSF,WSFTS,4,147,42.6803,-72.2864
TS,WSF,WSFTS,4,148,42.6803,-72.2864
TS,WSF,WSFTS,4,147,42.6803,-72.2864
TS,WSF,WSFTS,4,148,42.6803,-72.2864
TS,WSF,WSFTS,4,148,42.6803,-72.2864
TS,WSF,WSFTS,5,149,42.6802,-72.2859
TS,WSF,WSFTS,5,150,42.6802,-72.2859
TS,WSF,WSFTS,5,149,42.6802,-72.2859
TS,WSF,WSFTS,5,150,42.6802,-72.2859
TS,WSF,WSFTS,5,149,42.6802,-72.2859
TS,WSF,WSFTS,5,150,42.6802,-72.2859
TS,WSF,WSFTS,5,149,42.6802,-72.2859
TS,WSF,WSFTS,5,150,42.6802,-72.2859
TS,WSF,WSFTS,5,149,42.6802,-72.2859
TS,WSF,WSFTS,5,150,42.6802,-72.2859
TS,WSF,WSFTS,5,149,42.6802,-72.2859
TS,WSF,WSFTS,5,150,42.6802,-72.2859
TS,WSF,WSFTS,5,149,42.6802,-72.2859
TS,WSF,WSFTS,5,150,42.6802,-72.2859
TS,WSF,WSFTS,5,149,42.6802,-72.2859
TS,WSF,WSFTS,5,150,42.6802,-72.2859
MD,WSF,WSFMD,1,151,42.6792,-72.2877
MD,WSF,WSFMD,1,152,42.6792,-72.2877
MD,WSF,WSFMD,1,151,42.6792,-72.2877
MD,WSF,WSFMD,1,152,42.6792,-72.2877
MD,WSF,WSFMD,1,151,42.6792,-72.2877
MD,WSF,WSFMD,1,152,42.6792,-72.2877
MD,WSF,WSFMD,1,151,42.6792,-72.2877
MD,WSF,WSFMD,1,152,42.6792,-72.2877
MD,WSF,WSFMD,1,151,42.6792,-72.2877
MD,WSF,WSFMD,1,152,42.6792,-72.2877
MD,WSF,WSFMD,1,151,42.6792,-72.2877
MD,WSF,WSFMD,1,152,42.6792,-72.2877
MD,WSF,WSFMD,1,151,42.6792,-72.2877
MD,WSF,WSFMD,1,152,42.6792,-72.2877
MD,WSF,WSFMD,1,151,42.6792,-72.2877
MD,WSF,WSFMD,1,152,42.6792,-72.2877
MD,WSF,WSFMD,1,152,42.6792,-72.2877
MD,WSF,WSFMD,2,153,42.6789,-72.2873
MD,WSF,WSFMD,2,154,42.6789,-72.2873
MD,WSF,WSFMD,2,153,42.6789,-72.2873
MD,WSF,WSFMD,2,154,42.6789,-72.2873
MD,WSF,WSFMD,2,153,42.6789,-72.2873
MD,WSF,WSFMD,2,154,42.6789,-72.2873
MD,WSF,WSFMD,2,153,42.6789,-72.2873
MD,WSF,WSFMD,2,154,42.6789,-72.2873
MD,WSF,WSFMD,2,153,42.6789,-72.2873
MD,WSF,WSFMD,2,154,42.6789,-72.2873
MD,WSF,WSFMD,2,153,42.6789,-72.2873
MD,WSF,WSFMD,2,154,42.6789,-72.2873
MD,WSF,WSFMD,2,153,42.6789,-72.2873
MD,WSF,WSFMD,2,154,42.6789,-72.2873
MD,WSF,WSFMD,2,153,42.6789,-72.2873
MD,WSF,WSFMD,2,154,42.6789,-72.2873
MD,WSF,WSFMD,3,155,42.6786,-72.2875
MD,WSF,WSFMD,3,156,42.6786,-72.2875
MD,WSF,WSFMD,3,155,42.6786,-72.2875
MD,WSF,WSFMD,3,156,42.6786,-72.2875
MD,WSF,WSFMD,3,155,42.6786,-72.2875
MD,WSF,WSFMD,3,156,42.6786,-72.2875
MD,WSF,WSFMD,3,155,42.6786,-72.2875
MD,WSF,WSFMD,3,156,42.6786,-72.2875
MD,WSF,WSFMD,3,155,42.6786,-72.2875
MD,WSF,WSFMD,3,156,42.6786,-72.2875
MD,WSF,WSFMD,3,155,42.6786,-72.2875
MD,WSF,WSFMD,3,156,42.6786,-72.2875
MD,WSF,WSFMD,3,155,42.6786,-72.2875
MD,WSF,WSFMD,3,156,42.6786,-72.2875
MD,WSF,WSFMD,3,155,42.6786,-72.2875
MD,WSF,WSFMD,3,156,42.6786,-72.2875
MD,WSF,WSFMD,4,157,42.6789,-72.288
MD,WSF,WSFMD,4,158,42.6789,-72.288
MD,WSF,WSFMD,4,157,42.6789,-72.288
MD,WSF,WSFMD,4,158,42.6789,-72.288
MD,WSF,WSFMD,4,157,42.6789,-72.288
MD,WSF,WSFMD,4,158,42.6789,-72.288
MD,WSF,WSFMD,4,157,42.6789,-72.288
MD,WSF,WSFMD,4,158,42.6789,-72.288
MD,WSF,WSFMD,4,157,42.6789,-72.288
MD,WSF,WSFMD,4,158,42.6789,-72.288
MD,WSF,WSFMD,4,157,42.6789,-72.288
MD,WSF,WSFMD,4,158,42.6789,-72.288
MD,WSF,WSFMD,4,157,42.6789,-72.288
MD,WSF,WSFMD,4,158,42.6789,-72.288
MD,WSF,WSFMD,4,157,42.6789,-72.288
MD,WSF,WSFMD,4,158,42.6789,-72.288
MD,WSF,WSFMD,4,158,42.6789,-72.288
MD,WSF,WSFMD,5,159,42.6789,-72.2876
MD,WSF,WSFMD,5,160,42.6789,-72.2876
MD,WSF,WSFMD,5,159,42.6789,-72.2876
MD,WSF,WSFMD,5,160,42.6789,-72.2876
MD,WSF,WSFMD,5,159,42.6789,-72.2876
MD,WSF,WSFMD,5,160,42.6789,-72.2876
MD,WSF,WSFMD,5,159,42.6789,-72.2876
MD,WSF,WSFMD,5,160,42.6789,-72.2876
MD,WSF,WSFMD,5,159,42.6789,-72.2876
MD,WSF,WSFMD,5,160,42.6789,-72.2876
MD,WSF,WSFMD,5,159,42.6789,-72.2876
MD,WSF,WSFMD,5,160,42.6789,-72.2876
MD,WSF,WSFMD,5,159,42.6789,-72.2876
MD,WSF,WSFMD,5,160,42.6789,-72.2876
MD,WSF,WSFMD,5,159,42.6789,-72.2876
MD,WSF,WSFMD,5,160,42.6789,-72.2876
TS,NSF,NSFTS,1,161,42.6487,-72.3958
TS,NSF,NSFTS,1,162,42.6487,-72.3958
TS,NSF,NSFTS,1,161,42.6487,-72.3958
TS,NSF,NSFTS,1,162,42.6487,-72.3958
TS,NSF,NSFTS,1,161,42.6487,-72.3958
TS,NSF,NSFTS,1,162,42.6487,-72.3958
TS,NSF,NSFTS,1,161,42.6487,-72.3958
TS,NSF,NSFTS,1,162,42.6487,-72.3958
TS,NSF,NSFTS,1,161,42.6487,-72.3958
TS,NSF,NSFTS,1,162,42.6487,-72.3958
TS,NSF,NSFTS,1,161,42.6487,-72.3958
TS,NSF,NSFTS,1,162,42.6487,-72.3958
TS,NSF,NSFTS,1,161,42.6487,-72.3958
TS,NSF,NSFTS,1,161,42.6487,-72.3958
TS,NSF,NSFTS,1,162,42.6487,-72.3958
TS,NSF,NSFTS,1,161,42.6487,-72.3958
TS,NSF,NSFTS,1,162,42.6487,-72.3958
TS,NSF,NSFTS,2,163,42.6485,-72.3957
TS,NSF,NSFTS,2,164,42.6485,-72.3957
TS,NSF,NSFTS,2,163,42.6485,-72.3957
TS,NSF,NSFTS,2,164,42.6485,-72.3957
TS,NSF,NSFTS,2,163,42.6485,-72.3957
TS,NSF,NSFTS,2,164,42.6485,-72.3957
TS,NSF,NSFTS,2,163,42.6485,-72.3957
TS,NSF,NSFTS,2,164,42.6485,-72.3957
TS,NSF,NSFTS,2,163,42.6485,-72.3957
TS,NSF,NSFTS,2,164,42.6485,-72.3957
TS,NSF,NSFTS,2,163,42.6485,-72.3957
TS,NSF,NSFTS,2,164,42.6485,-72.3957
TS,NSF,NSFTS,2,163,42.6485,-72.3957
TS,NSF,NSFTS,2,164,42.6485,-72.3957
TS,NSF,NSFTS,2,163,42.6485,-72.3957
TS,NSF,NSFTS,2,164,42.6485,-72.3957
TS,NSF,NSFTS,3,165,42.6484,-72.396
TS,NSF,NSFTS,3,166,42.6484,-72.396
TS,NSF,NSFTS,3,165,42.6484,-72.396
TS,NSF,NSFTS,3,166,42.6484,-72.396
TS,NSF,NSFTS,3,165,42.6484,-72.396
TS,NSF,NSFTS,3,166,42.6484,-72.396
TS,NSF,NSFTS,3,165,42.6484,-72.396
TS,NSF,NSFTS,3,166,42.6484,-72.396
TS,NSF,NSFTS,3,165,42.6484,-72.396
TS,NSF,NSFTS,3,166,42.6484,-72.396
TS,NSF,NSFTS,3,165,42.6484,-72.396
TS,NSF,NSFTS,3,166,42.6484,-72.396
TS,NSF,NSFTS,3,165,42.6484,-72.396
TS,NSF,NSFTS,3,166,42.6484,-72.396
TS,NSF,NSFTS,3,165,42.6484,-72.396
TS,NSF,NSFTS,3,166,42.6484,-72.396
TS,NSF,NSFTS,4,167,42.6489,-72.3965
TS,NSF,NSFTS,4,168,42.6489,-72.3965
TS,NSF,NSFTS,4,167,42.6489,-72.3965
TS,NSF,NSFTS,4,168,42.6489,-72.3965
TS,NSF,NSFTS,4,167,42.6489,-72.3965
TS,NSF,NSFTS,4,168,42.6489,-72.3965
TS,NSF,NSFTS,4,167,42.6489,-72.3965
TS,NSF,NSFTS,4,168,42.6489,-72.3965
TS,NSF,NSFTS,4,167,42.6489,-72.3965
TS,NSF,NSFTS,4,168,42.6489,-72.3965
TS,NSF,NSFTS,4,167,42.6489,-72.3965
TS,NSF,NSFTS,4,168,42.6489,-72.3965
TS,NSF,NSFTS,4,167,42.6489,-72.3965
TS,NSF,NSFTS,4,168,42.6489,-72.3965
TS,NSF,NSFTS,4,167,42.6489,-72.3965
TS,NSF,NSFTS,4,168,42.6489,-72.3965
TS,NSF,NSFTS,5,169,42.6486,-72.3959
TS,NSF,NSFTS,5,170,42.6486,-72.3959
TS,NSF,NSFTS,5,169,42.6486,-72.3959
TS,NSF,NSFTS,5,170,42.6486,-72.3959
TS,NSF,NSFTS,5,169,42.6486,-72.3959
TS,NSF,NSFTS,5,170,42.6486,-72.3959
TS,NSF,NSFTS,5,169,42.6486,-72.3959
TS,NSF,NSFTS,5,170,42.6486,-72.3959
TS,NSF,NSFTS,5,169,42.6486,-72.3959
TS,NSF,NSFTS,5,170,42.6486,-72.3959
TS,NSF,NSFTS,5,169,42.6486,-72.3959
TS,NSF,NSFTS,5,169,42.6486,-72.3959
TS,NSF,NSFTS,5,170,42.6486,-72.3959
TS,NSF,NSFTS,5,169,42.6486,-72.3959
TS,NSF,NSFTS,5,170,42.6486,-72.3959
TS,NSF,NSFTS,5,169,42.6486,-72.3959
TS,NSF,NSFTS,5,170,42.6486,-72.3959
MD,NSF,NSFMD,1,171,42.6486,-72.3919
MD,NSF,NSFMD,1,172,42.6486,-72.3919
MD,NSF,NSFMD,1,171,42.6486,-72.3919
MD,NSF,NSFMD,1,172,42.6486,-72.3919
MD,NSF,NSFMD,1,171,42.6486,-72.3919
MD,NSF,NSFMD,1,172,42.6486,-72.3919
MD,NSF,NSFMD,1,171,42.6486,-72.3919
MD,NSF,NSFMD,1,172,42.6486,-72.3919
MD,NSF,NSFMD,1,171,42.6486,-72.3919
MD,NSF,NSFMD,1,172,42.6486,-72.3919
MD,NSF,NSFMD,1,171,42.6486,-72.3919
MD,NSF,NSFMD,1,172,42.6486,-72.3919
MD,NSF,NSFMD,1,171,42.6486,-72.3919
MD,NSF,NSFMD,1,172,42.6486,-72.3919
MD,NSF,NSFMD,1,171,42.6486,-72.3919
MD,NSF,NSFMD,1,172,42.6486,-72.3919
MD,NSF,NSFMD,2,173,42.6484,-72.3917
MD,NSF,NSFMD,2,174,42.6484,-72.3917
MD,NSF,NSFMD,2,173,42.6484,-72.3917
MD,NSF,NSFMD,2,174,42.6484,-72.3917
MD,NSF,NSFMD,2,173,42.6484,-72.3917
MD,NSF,NSFMD,2,174,42.6484,-72.3917
MD,NSF,NSFMD,2,173,42.6484,-72.3917
MD,NSF,NSFMD,2,174,42.6484,-72.3917
MD,NSF,NSFMD,2,173,42.6484,-72.3917
MD,NSF,NSFMD,2,174,42.6484,-72.3917
MD,NSF,NSFMD,2,173,42.6484,-72.3917
MD,NSF,NSFMD,2,174,42.6484,-72.3917
MD,NSF,NSFMD,2,173,42.6484,-72.3917
MD,NSF,NSFMD,2,174,42.6484,-72.3917
MD,NSF,NSFMD,2,173,42.6484,-72.3917
MD,NSF,NSFMD,2,174,42.6484,-72.3917
MD,NSF,NSFMD,3,175,42.6482,-72.3919
MD,NSF,NSFMD,3,176,42.6482,-72.3919
MD,NSF,NSFMD,3,175,42.6482,-72.3919
MD,NSF,NSFMD,3,176,42.6482,-72.3919
MD,NSF,NSFMD,3,175,42.6482,-72.3919
MD,NSF,NSFMD,3,176,42.6482,-72.3919
MD,NSF,NSFMD,3,175,42.6482,-72.3919
MD,NSF,NSFMD,3,176,42.6482,-72.3919
MD,NSF,NSFMD,3,175,42.6482,-72.3919
MD,NSF,NSFMD,3,176,42.6482,-72.3919
MD,NSF,NSFMD,3,175,42.6482,-72.3919
MD,NSF,NSFMD,3,176,42.6482,-72.3919
MD,NSF,NSFMD,3,175,42.6482,-72.3919
MD,NSF,NSFMD,3,176,42.6482,-72.3919
MD,NSF,NSFMD,3,175,42.6482,-72.3919
MD,NSF,NSFMD,3,176,42.6482,-72.3919
MD,NSF,NSFMD,4,177,42.6483,-72.3922
MD,NSF,NSFMD,4,178,42.6483,-72.3922
MD,NSF,NSFMD,4,177,42.6483,-72.3922
MD,NSF,NSFMD,4,178,42.6483,-72.3922
MD,NSF,NSFMD,4,177,42.6483,-72.3922
MD,NSF,NSFMD,4,178,42.6483,-72.3922
MD,NSF,NSFMD,4,177,42.6483,-72.3922
MD,NSF,NSFMD,4,178,42.6483,-72.3922
MD,NSF,NSFMD,4,177,42.6483,-72.3922
MD,NSF,NSFMD,4,178,42.6483,-72.3922
MD,NSF,NSFMD,4,177,42.6483,-72.3922
MD,NSF,NSFMD,4,178,42.6483,-72.3922
MD,NSF,NSFMD,4,177,42.6483,-72.3922
MD,NSF,NSFMD,4,178,42.6483,-72.3922
MD,NSF,NSFMD,4,177,42.6483,-72.3922
MD,NSF,NSFMD,4,178,42.6483,-72.3922
MD,NSF,NSFMD,5,179,42.6483,-72.392
MD,NSF,NSFMD,5,180,42.6483,-72.392
MD,NSF,NSFMD,5,179,42.6483,-72.392
MD,NSF,NSFMD,5,180,42.6483,-72.392
MD,NSF,NSFMD,5,179,42.6483,-72.392
MD,NSF,NSFMD,5,180,42.6483,-72.392
MD,NSF,NSFMD,5,179,42.6483,-72.392
MD,NSF,NSFMD,5,180,42.6483,-72.392
MD,NSF,NSFMD,5,179,42.6483,-72.392
MD,NSF,NSFMD,5,180,42.6483,-72.392
MD,NSF,NSFMD,5,179,42.6483,-72.392
MD,NSF,NSFMD,5,180,42.6483,-72.392
MD,NSF,NSFMD,5,179,42.6483,-72.392
MD,NSF,NSFMD,5,180,42.6483,-72.392
MD,NSF,NSFMD,5,179,42.6483,-72.392
MD,NSF,NSFMD,5,180,42.6483,-72.392
TS,MGSF,MGSFTS,1,181,42.6792,-72.3486
TS,MGSF,MGSFTS,1,182,42.6792,-72.3486
TS,MGSF,MGSFTS,1,181,42.6792,-72.3486
TS,MGSF,MGSFTS,1,182,42.6792,-72.3486
TS,MGSF,MGSFTS,1,181,42.6792,-72.3486
TS,MGSF,MGSFTS,1,182,42.6792,-72.3486
TS,MGSF,MGSFTS,1,181,42.6792,-72.3486
TS,MGSF,MGSFTS,1,182,42.6792,-72.3486
TS,MGSF,MGSFTS,1,181,42.6792,-72.3486
TS,MGSF,MGSFTS,1,182,42.6792,-72.3486
TS,MGSF,MGSFTS,1,181,42.6792,-72.3486
TS,MGSF,MGSFTS,1,182,42.6792,-72.3486
TS,MGSF,MGSFTS,1,181,42.6792,-72.3486
TS,MGSF,MGSFTS,1,182,42.6792,-72.3486
TS,MGSF,MGSFTS,1,181,42.6792,-72.3486
TS,MGSF,MGSFTS,1,182,42.6792,-72.3486
TS,MGSF,MGSFTS,2,183,42.6791,-72.3481
TS,MGSF,MGSFTS,2,184,42.6791,-72.3481
TS,MGSF,MGSFTS,2,183,42.6791,-72.3481
TS,MGSF,MGSFTS,2,184,42.6791,-72.3481
TS,MGSF,MGSFTS,2,183,42.6791,-72.3481
TS,MGSF,MGSFTS,2,184,42.6791,-72.3481
TS,MGSF,MGSFTS,2,183,42.6791,-72.3481
TS,MGSF,MGSFTS,2,184,42.6791,-72.3481
TS,MGSF,MGSFTS,2,183,42.6791,-72.3481
TS,MGSF,MGSFTS,2,184,42.6791,-72.3481
TS,MGSF,MGSFTS,2,183,42.6791,-72.3481
TS,MGSF,MGSFTS,2,184,42.6791,-72.3481
TS,MGSF,MGSFTS,2,183,42.6791,-72.3481
TS,MGSF,MGSFTS,2,184,42.6791,-72.3481
TS,MGSF,MGSFTS,2,183,42.6791,-72.3481
TS,MGSF,MGSFTS,2,184,42.6791,-72.3481
TS,MGSF,MGSFTS,3,185,42.6787,-72.348
TS,MGSF,MGSFTS,3,186,42.6787,-72.348
TS,MGSF,MGSFTS,3,185,42.6787,-72.348
TS,MGSF,MGSFTS,3,186,42.6787,-72.348
TS,MGSF,MGSFTS,3,185,42.6787,-72.348
TS,MGSF,MGSFTS,3,186,42.6787,-72.348
TS,MGSF,MGSFTS,3,185,42.6787,-72.348
TS,MGSF,MGSFTS,3,186,42.6787,-72.348
TS,MGSF,MGSFTS,3,185,42.6787,-72.348
TS,MGSF,MGSFTS,3,186,42.6787,-72.348
TS,MGSF,MGSFTS,3,185,42.6787,-72.348
TS,MGSF,MGSFTS,3,186,42.6787,-72.348
TS,MGSF,MGSFTS,3,185,42.6787,-72.348
TS,MGSF,MGSFTS,3,186,42.6787,-72.348
TS,MGSF,MGSFTS,3,185,42.6787,-72.348
TS,MGSF,MGSFTS,3,186,42.6787,-72.348
TS,MGSF,MGSFTS,4,187,42.6787,-72.3486
TS,MGSF,MGSFTS,4,188,42.6787,-72.3486
TS,MGSF,MGSFTS,4,187,42.6787,-72.3486
TS,MGSF,MGSFTS,4,188,42.6787,-72.3486
TS,MGSF,MGSFTS,4,187,42.6787,-72.3486
TS,MGSF,MGSFTS,4,188,42.6787,-72.3486
TS,MGSF,MGSFTS,4,187,42.6787,-72.3486
TS,MGSF,MGSFTS,4,188,42.6787,-72.3486
TS,MGSF,MGSFTS,4,187,42.6787,-72.3486
TS,MGSF,MGSFTS,4,188,42.6787,-72.3486
TS,MGSF,MGSFTS,4,187,42.6787,-72.3486
TS,MGSF,MGSFTS,4,188,42.6787,-72.3486
TS,MGSF,MGSFTS,4,187,42.6787,-72.3486
TS,MGSF,MGSFTS,4,188,42.6787,-72.3486
TS,MGSF,MGSFTS,4,187,42.6787,-72.3486
TS,MGSF,MGSFTS,4,188,42.6787,-72.3486
TS,MGSF,MGSFTS,5,189,42.679,-72.3486
TS,MGSF,MGSFTS,5,190,42.679,-72.3486
TS,MGSF,MGSFTS,5,189,42.679,-72.3486
TS,MGSF,MGSFTS,5,190,42.679,-72.3486
TS,MGSF,MGSFTS,5,189,42.679,-72.3486
TS,MGSF,MGSFTS,5,190,42.679,-72.3486
TS,MGSF,MGSFTS,5,189,42.679,-72.3486
TS,MGSF,MGSFTS,5,190,42.679,-72.3486
TS,MGSF,MGSFTS,5,189,42.679,-72.3486
TS,MGSF,MGSFTS,5,190,42.679,-72.3486
TS,MGSF,MGSFTS,5,189,42.679,-72.3486
TS,MGSF,MGSFTS,5,190,42.679,-72.3486
TS,MGSF,MGSFTS,5,189,42.679,-72.3486
TS,MGSF,MGSFTS,5,190,42.679,-72.3486
TS,MGSF,MGSFTS,5,189,42.679,-72.3486
TS,MGSF,MGSFTS,5,190,42.679,-72.3486
MD,MGSF,MGSFMD,1,191,42.6841,-72.3528
MD,MGSF,MGSFMD,1,192,42.6841,-72.3528
MD,MGSF,MGSFMD,1,191,42.6841,-72.3528
MD,MGSF,MGSFMD,1,192,42.6841,-72.3528
MD,MGSF,MGSFMD,1,191,42.6841,-72.3528
MD,MGSF,MGSFMD,1,192,42.6841,-72.3528
MD,MGSF,MGSFMD,1,191,42.6841,-72.3528
MD,MGSF,MGSFMD,1,192,42.6841,-72.3528
MD,MGSF,MGSFMD,1,191,42.6841,-72.3528
MD,MGSF,MGSFMD,1,192,42.6841,-72.3528
MD,MGSF,MGSFMD,1,191,42.6841,-72.3528
MD,MGSF,MGSFMD,1,192,42.6841,-72.3528
MD,MGSF,MGSFMD,1,191,42.6841,-72.3528
MD,MGSF,MGSFMD,1,192,42.6841,-72.3528
MD,MGSF,MGSFMD,1,191,42.6841,-72.3528
MD,MGSF,MGSFMD,1,192,42.6841,-72.3528
MD,MGSF,MGSFMD,2,193,42.6838,-72.3526
MD,MGSF,MGSFMD,2,194,42.6838,-72.3526
MD,MGSF,MGSFMD,2,193,42.6838,-72.3526
MD,MGSF,MGSFMD,2,194,42.6838,-72.3526
MD,MGSF,MGSFMD,2,193,42.6838,-72.3526
MD,MGSF,MGSFMD,2,194,42.6838,-72.3526
MD,MGSF,MGSFMD,2,193,42.6838,-72.3526
MD,MGSF,MGSFMD,2,194,42.6838,-72.3526
MD,MGSF,MGSFMD,2,193,42.6838,-72.3526
MD,MGSF,MGSFMD,2,194,42.6838,-72.3526
MD,MGSF,MGSFMD,2,193,42.6838,-72.3526
MD,MGSF,MGSFMD,2,194,42.6838,-72.3526
MD,MGSF,MGSFMD,2,193,42.6838,-72.3526
MD,MGSF,MGSFMD,2,194,42.6838,-72.3526
MD,MGSF,MGSFMD,2,193,42.6838,-72.3526
MD,MGSF,MGSFMD,2,194,42.6838,-72.3526
MD,MGSF,MGSFMD,3,195,42.6835,-72.3528
MD,MGSF,MGSFMD,3,196,42.6835,-72.3528
MD,MGSF,MGSFMD,3,195,42.6835,-72.3528
MD,MGSF,MGSFMD,3,196,42.6835,-72.3528
MD,MGSF,MGSFMD,3,195,42.6835,-72.3528
MD,MGSF,MGSFMD,3,196,42.6835,-72.3528
MD,MGSF,MGSFMD,3,195,42.6835,-72.3528
MD,MGSF,MGSFMD,3,196,42.6835,-72.3528
MD,MGSF,MGSFMD,3,195,42.6835,-72.3528
MD,MGSF,MGSFMD,3,196,42.6835,-72.3528
MD,MGSF,MGSFMD,3,195,42.6835,-72.3528
MD,MGSF,MGSFMD,3,196,42.6835,-72.3528
MD,MGSF,MGSFMD,3,195,42.6835,-72.3528
MD,MGSF,MGSFMD,3,196,42.6835,-72.3528
MD,MGSF,MGSFMD,3,195,42.6835,-72.3528
MD,MGSF,MGSFMD,3,196,42.6835,-72.3528
MD,MGSF,MGSFMD,4,197,42.6839,-72.3532
MD,MGSF,MGSFMD,4,198,42.6839,-72.3532
MD,MGSF,MGSFMD,4,197,42.6839,-72.3532
MD,MGSF,MGSFMD,4,198,42.6839,-72.3532
MD,MGSF,MGSFMD,4,197,42.6839,-72.3532
MD,MGSF,MGSFMD,4,198,42.6839,-72.3532
MD,MGSF,MGSFMD,4,197,42.6839,-72.3532
MD,MGSF,MGSFMD,4,198,42.6839,-72.3532
MD,MGSF,MGSFMD,4,197,42.6839,-72.3532
MD,MGSF,MGSFMD,4,198,42.6839,-72.3532
MD,MGSF,MGSFMD,4,197,42.6839,-72.3532
MD,MGSF,MGSFMD,4,198,42.6839,-72.3532
MD,MGSF,MGSFMD,4,197,42.6839,-72.3532
MD,MGSF,MGSFMD,4,198,42.6839,-72.3532
MD,MGSF,MGSFMD,4,197,42.6839,-72.3532
MD,MGSF,MGSFMD,4,198,42.6839,-72.3532
MD,MGSF,MGSFMD,5,199,42.6838,-72.3529
MD,MGSF,MGSFMD,5,200,42.6838,-72.3529
MD,MGSF,MGSFMD,5,199,42.6838,-72.3529
MD,MGSF,MGSFMD,5,200,42.6838,-72.3529
MD,MGSF,MGSFMD,5,199,42.6838,-72.3529
MD,MGSF,MGSFMD,5,200,42.6838,-72.3529
MD,MGSF,MGSFMD,5,199,42.6838,-72.3529
MD,MGSF,MGSFMD,5,200,42.6838,-72.3529
MD,MGSF,MGSFMD,5,199,42.6838,-72.3529
MD,MGSF,MGSFMD,5,200,42.6838,-72.3529
MD,MGSF,MGSFMD,5,199,42.6838,-72.3529
MD,MGSF,MGSFMD,5,200,42.6838,-72.3529
MD,MGSF,MGSFMD,5,199,42.6838,-72.3529
MD,MGSF,MGSFMD,5,200,42.6838,-72.3529
MD,MGSF,MGSFMD,5,199,42.6838,-72.3529
MD,MGSF,MGSFMD,5,200,42.6838,-72.3529
TS,SC1,SC1TS,1,201,42.475,-72.1694
TS,SC1,SC1TS,1,202,42.475,-72.1694
TS,SC1,SC1TS,1,201,42.475,-72.1694
TS,SC1,SC1TS,1,202,42.475,-72.1694
TS,SC1,SC1TS,1,201,42.475,-72.1694
TS,SC1,SC1TS,1,202,42.475,-72.1694
TS,SC1,SC1TS,1,201,42.475,-72.1694
TS,SC1,SC1TS,1,202,42.475,-72.1694
TS,SC1,SC1TS,1,201,42.475,-72.1694
TS,SC1,SC1TS,1,202,42.475,-72.1694
TS,SC1,SC1TS,1,201,42.475,-72.1694
TS,SC1,SC1TS,1,202,42.475,-72.1694
TS,SC1,SC1TS,1,202,42.475,-72.1694
TS,SC1,SC1TS,1,201,42.475,-72.1694
TS,SC1,SC1TS,1,202,42.475,-72.1694
TS,SC1,SC1TS,1,201,42.475,-72.1694
TS,SC1,SC1TS,1,202,42.475,-72.1694
TS,SC1,SC1TS,2,203,42.4748,-72.1692
TS,SC1,SC1TS,2,204,42.4748,-72.1692
TS,SC1,SC1TS,2,203,42.4748,-72.1692
TS,SC1,SC1TS,2,204,42.4748,-72.1692
TS,SC1,SC1TS,2,203,42.4748,-72.1692
TS,SC1,SC1TS,2,204,42.4748,-72.1692
TS,SC1,SC1TS,2,203,42.4748,-72.1692
TS,SC1,SC1TS,2,204,42.4748,-72.1692
TS,SC1,SC1TS,2,203,42.4748,-72.1692
TS,SC1,SC1TS,2,204,42.4748,-72.1692
TS,SC1,SC1TS,2,203,42.4748,-72.1692
TS,SC1,SC1TS,2,204,42.4748,-72.1692
TS,SC1,SC1TS,2,203,42.4748,-72.1692
TS,SC1,SC1TS,2,204,42.4748,-72.1692
TS,SC1,SC1TS,2,203,42.4748,-72.1692
TS,SC1,SC1TS,2,204,42.4748,-72.1692
TS,SC1,SC1TS,3,205,42.4745,-72.1694
TS,SC1,SC1TS,3,206,42.4745,-72.1694
TS,SC1,SC1TS,3,205,42.4745,-72.1694
TS,SC1,SC1TS,3,206,42.4745,-72.1694
TS,SC1,SC1TS,3,205,42.4745,-72.1694
TS,SC1,SC1TS,3,206,42.4745,-72.1694
TS,SC1,SC1TS,3,205,42.4745,-72.1694
TS,SC1,SC1TS,3,206,42.4745,-72.1694
TS,SC1,SC1TS,3,205,42.4745,-72.1694
TS,SC1,SC1TS,3,206,42.4745,-72.1694
TS,SC1,SC1TS,3,205,42.4745,-72.1694
TS,SC1,SC1TS,3,206,42.4745,-72.1694
TS,SC1,SC1TS,3,205,42.4745,-72.1694
TS,SC1,SC1TS,3,206,42.4745,-72.1694
TS,SC1,SC1TS,3,205,42.4745,-72.1694
TS,SC1,SC1TS,3,206,42.4745,-72.1694
TS,SC1,SC1TS,4,207,42.4747,-72.1697
TS,SC1,SC1TS,4,208,42.4747,-72.1697
TS,SC1,SC1TS,4,207,42.4747,-72.1697
TS,SC1,SC1TS,4,208,42.4747,-72.1697
TS,SC1,SC1TS,4,207,42.4747,-72.1697
TS,SC1,SC1TS,4,208,42.4747,-72.1697
TS,SC1,SC1TS,4,207,42.4747,-72.1697
TS,SC1,SC1TS,4,208,42.4747,-72.1697
TS,SC1,SC1TS,4,207,42.4747,-72.1697
TS,SC1,SC1TS,4,208,42.4747,-72.1697
TS,SC1,SC1TS,4,207,42.4747,-72.1697
TS,SC1,SC1TS,4,208,42.4747,-72.1697
TS,SC1,SC1TS,4,207,42.4747,-72.1697
TS,SC1,SC1TS,4,208,42.4747,-72.1697
TS,SC1,SC1TS,4,207,42.4747,-72.1697
TS,SC1,SC1TS,4,208,42.4747,-72.1697
TS,SC1,SC1TS,5,209,42.4749,-72.1694
TS,SC1,SC1TS,5,210,42.4749,-72.1694
TS,SC1,SC1TS,5,209,42.4749,-72.1694
TS,SC1,SC1TS,5,210,42.4749,-72.1694
TS,SC1,SC1TS,5,209,42.4749,-72.1694
TS,SC1,SC1TS,5,210,42.4749,-72.1694
TS,SC1,SC1TS,5,209,42.4749,-72.1694
TS,SC1,SC1TS,5,210,42.4749,-72.1694
TS,SC1,SC1TS,5,209,42.4749,-72.1694
TS,SC1,SC1TS,5,210,42.4749,-72.1694
TS,SC1,SC1TS,5,209,42.4749,-72.1694
TS,SC1,SC1TS,5,210,42.4749,-72.1694
TS,SC1,SC1TS,5,209,42.4749,-72.1694
TS,SC1,SC1TS,5,210,42.4749,-72.1694
TS,SC1,SC1TS,5,209,42.4749,-72.1694
TS,SC1,SC1TS,5,210,42.4749,-72.1694
MD,SC1,SC1MD,1,211,42.4717,-72.168
MD,SC1,SC1MD,1,212,42.4717,-72.168
MD,SC1,SC1MD,1,211,42.4717,-72.168
MD,SC1,SC1MD,1,212,42.4717,-72.168
MD,SC1,SC1MD,1,211,42.4717,-72.168
MD,SC1,SC1MD,1,212,42.4717,-72.168
MD,SC1,SC1MD,1,211,42.4717,-72.168
MD,SC1,SC1MD,1,212,42.4717,-72.168
MD,SC1,SC1MD,1,211,42.4717,-72.168
MD,SC1,SC1MD,1,212,42.4717,-72.168
MD,SC1,SC1MD,1,211,42.4717,-72.168
MD,SC1,SC1MD,1,212,42.4717,-72.168
MD,SC1,SC1MD,1,211,42.4717,-72.168
MD,SC1,SC1MD,1,212,42.4717,-72.168
MD,SC1,SC1MD,1,211,42.4717,-72.168
MD,SC1,SC1MD,1,212,42.4717,-72.168
MD,SC1,SC1MD,2,213,42.4716,-72.168
MD,SC1,SC1MD,2,214,42.4716,-72.168
MD,SC1,SC1MD,2,213,42.4716,-72.168
MD,SC1,SC1MD,2,214,42.4716,-72.168
MD,SC1,SC1MD,2,213,42.4716,-72.168
MD,SC1,SC1MD,2,214,42.4716,-72.168
MD,SC1,SC1MD,2,213,42.4716,-72.168
MD,SC1,SC1MD,2,214,42.4716,-72.168
MD,SC1,SC1MD,2,213,42.4716,-72.168
MD,SC1,SC1MD,2,214,42.4716,-72.168
MD,SC1,SC1MD,2,213,42.4716,-72.168
MD,SC1,SC1MD,2,214,42.4716,-72.168
MD,SC1,SC1MD,2,213,42.4716,-72.168
MD,SC1,SC1MD,2,214,42.4716,-72.168
MD,SC1,SC1MD,2,213,42.4716,-72.168
MD,SC1,SC1MD,2,214,42.4716,-72.168
MD,SC1,SC1MD,3,215,42.4722,-72.1682
MD,SC1,SC1MD,3,216,42.4722,-72.1682
MD,SC1,SC1MD,3,215,42.4722,-72.1682
MD,SC1,SC1MD,3,216,42.4722,-72.1682
MD,SC1,SC1MD,3,215,42.4722,-72.1682
MD,SC1,SC1MD,3,216,42.4722,-72.1682
MD,SC1,SC1MD,3,215,42.4722,-72.1682
MD,SC1,SC1MD,3,216,42.4722,-72.1682
MD,SC1,SC1MD,3,215,42.4722,-72.1682
MD,SC1,SC1MD,3,216,42.4722,-72.1682
MD,SC1,SC1MD,3,215,42.4722,-72.1682
MD,SC1,SC1MD,3,216,42.4722,-72.1682
MD,SC1,SC1MD,3,215,42.4722,-72.1682
MD,SC1,SC1MD,3,216,42.4722,-72.1682
MD,SC1,SC1MD,3,215,42.4722,-72.1682
MD,SC1,SC1MD,3,216,42.4722,-72.1682
MD,SC1,SC1MD,4,217,42.4721,-72.1678
MD,SC1,SC1MD,4,218,42.4721,-72.1678
MD,SC1,SC1MD,4,217,42.4721,-72.1678
MD,SC1,SC1MD,4,218,42.4721,-72.1678
MD,SC1,SC1MD,4,217,42.4721,-72.1678
MD,SC1,SC1MD,4,218,42.4721,-72.1678
MD,SC1,SC1MD,4,217,42.4721,-72.1678
MD,SC1,SC1MD,4,218,42.4721,-72.1678
MD,SC1,SC1MD,4,217,42.4721,-72.1678
MD,SC1,SC1MD,4,218,42.4721,-72.1678
MD,SC1,SC1MD,4,217,42.4721,-72.1678
MD,SC1,SC1MD,4,218,42.4721,-72.1678
MD,SC1,SC1MD,4,217,42.4721,-72.1678
MD,SC1,SC1MD,4,218,42.4721,-72.1678
MD,SC1,SC1MD,4,217,42.4721,-72.1678
MD,SC1,SC1MD,4,218,42.4721,-72.1678
MD,SC1,SC1MD,5,219,42.472,-72.1682
MD,SC1,SC1MD,5,220,42.472,-72.1682
MD,SC1,SC1MD,5,219,42.472,-72.1682
MD,SC1,SC1MD,5,220,42.472,-72.1682
MD,SC1,SC1MD,5,219,42.472,-72.1682
MD,SC1,SC1MD,5,220,42.472,-72.1682
MD,SC1,SC1MD,5,219,42.472,-72.1682
MD,SC1,SC1MD,5,220,42.472,-72.1682
MD,SC1,SC1MD,5,219,42.472,-72.1682
MD,SC1,SC1MD,5,220,42.472,-72.1682
MD,SC1,SC1MD,5,219,42.472,-72.1682
MD,SC1,SC1MD,5,220,42.472,-72.1682
MD,SC1,SC1MD,5,219,42.472,-72.1682
MD,SC1,SC1MD,5,220,42.472,-72.1682
MD,SC1,SC1MD,5,219,42.472,-72.1682
MD,SC1,SC1MD,5,220,42.472,-72.1682
TS,TS1,TS1TS,1,221,42.5014,-72.2064
TS,TS1,TS1TS,1,222,42.5014,-72.2064
TS,TS1,TS1TS,1,221,42.5014,-72.2064
TS,TS1,TS1TS,1,222,42.5014,-72.2064
TS,TS1,TS1TS,1,221,42.5014,-72.2064
TS,TS1,TS1TS,1,222,42.5014,-72.2064
TS,TS1,TS1TS,1,221,42.5014,-72.2064
TS,TS1,TS1TS,1,222,42.5014,-72.2064
TS,TS1,TS1TS,1,221,42.5014,-72.2064
TS,TS1,TS1TS,1,222,42.5014,-72.2064
TS,TS1,TS1TS,1,221,42.5014,-72.2064
TS,TS1,TS1TS,1,222,42.5014,-72.2064
TS,TS1,TS1TS,1,221,42.5014,-72.2064
TS,TS1,TS1TS,1,222,42.5014,-72.2064
TS,TS1,TS1TS,1,221,42.5014,-72.2064
TS,TS1,TS1TS,1,222,42.5014,-72.2064
TS,TS1,TS1TS,2,223,42.5015,-72.206
TS,TS1,TS1TS,2,224,42.5015,-72.206
TS,TS1,TS1TS,2,223,42.5015,-72.206
TS,TS1,TS1TS,2,224,42.5015,-72.206
TS,TS1,TS1TS,2,223,42.5015,-72.206
TS,TS1,TS1TS,2,224,42.5015,-72.206
TS,TS1,TS1TS,2,223,42.5015,-72.206
TS,TS1,TS1TS,2,224,42.5015,-72.206
TS,TS1,TS1TS,2,223,42.5015,-72.206
TS,TS1,TS1TS,2,224,42.5015,-72.206
TS,TS1,TS1TS,2,223,42.5015,-72.206
TS,TS1,TS1TS,2,224,42.5015,-72.206
TS,TS1,TS1TS,2,223,42.5015,-72.206
TS,TS1,TS1TS,2,223,42.5015,-72.206
TS,TS1,TS1TS,2,224,42.5015,-72.206
TS,TS1,TS1TS,2,223,42.5015,-72.206
TS,TS1,TS1TS,2,224,42.5015,-72.206
TS,TS1,TS1TS,3,225,42.5011,-72.2059
TS,TS1,TS1TS,3,226,42.5011,-72.2059
TS,TS1,TS1TS,3,225,42.5011,-72.2059
TS,TS1,TS1TS,3,226,42.5011,-72.2059
TS,TS1,TS1TS,3,225,42.5011,-72.2059
TS,TS1,TS1TS,3,226,42.5011,-72.2059
TS,TS1,TS1TS,3,225,42.5011,-72.2059
TS,TS1,TS1TS,3,226,42.5011,-72.2059
TS,TS1,TS1TS,3,225,42.5011,-72.2059
TS,TS1,TS1TS,3,226,42.5011,-72.2059
TS,TS1,TS1TS,3,225,42.5011,-72.2059
TS,TS1,TS1TS,3,226,42.5011,-72.2059
TS,TS1,TS1TS,3,225,42.5011,-72.2059
TS,TS1,TS1TS,3,226,42.5011,-72.2059
TS,TS1,TS1TS,3,225,42.5011,-72.2059
TS,TS1,TS1TS,3,226,42.5011,-72.2059
TS,TS1,TS1TS,4,227,42.5012,-72.2065
TS,TS1,TS1TS,4,228,42.5012,-72.2065
TS,TS1,TS1TS,4,227,42.5012,-72.2065
TS,TS1,TS1TS,4,228,42.5012,-72.2065
TS,TS1,TS1TS,4,227,42.5012,-72.2065
TS,TS1,TS1TS,4,228,42.5012,-72.2065
TS,TS1,TS1TS,4,227,42.5012,-72.2065
TS,TS1,TS1TS,4,228,42.5012,-72.2065
TS,TS1,TS1TS,4,227,42.5012,-72.2065
TS,TS1,TS1TS,4,228,42.5012,-72.2065
TS,TS1,TS1TS,4,227,42.5012,-72.2065
TS,TS1,TS1TS,4,228,42.5012,-72.2065
TS,TS1,TS1TS,4,227,42.5012,-72.2065
TS,TS1,TS1TS,4,228,42.5012,-72.2065
TS,TS1,TS1TS,4,227,42.5012,-72.2065
TS,TS1,TS1TS,4,228,42.5012,-72.2065
TS,TS1,TS1TS,5,229,42.5014,-72.2064
TS,TS1,TS1TS,5,230,42.5014,-72.2064
TS,TS1,TS1TS,5,229,42.5014,-72.2064
TS,TS1,TS1TS,5,230,42.5014,-72.2064
TS,TS1,TS1TS,5,229,42.5014,-72.2064
TS,TS1,TS1TS,5,230,42.5014,-72.2064
TS,TS1,TS1TS,5,229,42.5014,-72.2064
TS,TS1,TS1TS,5,230,42.5014,-72.2064
TS,TS1,TS1TS,5,229,42.5014,-72.2064
TS,TS1,TS1TS,5,230,42.5014,-72.2064
TS,TS1,TS1TS,5,229,42.5014,-72.2064
TS,TS1,TS1TS,5,230,42.5014,-72.2064
TS,TS1,TS1TS,5,229,42.5014,-72.2064
TS,TS1,TS1TS,5,230,42.5014,-72.2064
TS,TS1,TS1TS,5,229,42.5014,-72.2064
TS,TS1,TS1TS,5,230,42.5014,-72.2064
TS,TS1,TS1TS,5,230,42.5014,-72.2064
TS,TS1,TS1TS,5,230,42.5014,-72.2064
MD,TS1,TS1MD,1,231,42.4995,-72.2042
MD,TS1,TS1MD,1,232,42.4995,-72.2042
MD,TS1,TS1MD,1,231,42.4995,-72.2042
MD,TS1,TS1MD,1,232,42.4995,-72.2042
MD,TS1,TS1MD,1,231,42.4995,-72.2042
MD,TS1,TS1MD,1,232,42.4995,-72.2042
MD,TS1,TS1MD,1,231,42.4995,-72.2042
MD,TS1,TS1MD,1,232,42.4995,-72.2042
MD,TS1,TS1MD,1,231,42.4995,-72.2042
MD,TS1,TS1MD,1,232,42.4995,-72.2042
MD,TS1,TS1MD,1,231,42.4995,-72.2042
MD,TS1,TS1MD,1,232,42.4995,-72.2042
MD,TS1,TS1MD,1,231,42.4995,-72.2042
MD,TS1,TS1MD,1,232,42.4995,-72.2042
MD,TS1,TS1MD,1,231,42.4995,-72.2042
MD,TS1,TS1MD,1,232,42.4995,-72.2042
MD,TS1,TS1MD,2,233,42.4998,-72.2045
MD,TS1,TS1MD,2,234,42.4998,-72.2045
MD,TS1,TS1MD,2,233,42.4998,-72.2045
MD,TS1,TS1MD,2,234,42.4998,-72.2045
MD,TS1,TS1MD,2,233,42.4998,-72.2045
MD,TS1,TS1MD,2,234,42.4998,-72.2045
MD,TS1,TS1MD,2,233,42.4998,-72.2045
MD,TS1,TS1MD,2,234,42.4998,-72.2045
MD,TS1,TS1MD,2,233,42.4998,-72.2045
MD,TS1,TS1MD,2,234,42.4998,-72.2045
MD,TS1,TS1MD,2,233,42.4998,-72.2045
MD,TS1,TS1MD,2,234,42.4998,-72.2045
MD,TS1,TS1MD,2,233,42.4998,-72.2045
MD,TS1,TS1MD,2,234,42.4998,-72.2045
MD,TS1,TS1MD,2,233,42.4998,-72.2045
MD,TS1,TS1MD,2,234,42.4998,-72.2045
MD,TS1,TS1MD,3,235,42.4994,-72.2044
MD,TS1,TS1MD,3,236,42.4994,-72.2044
MD,TS1,TS1MD,3,235,42.4994,-72.2044
MD,TS1,TS1MD,3,236,42.4994,-72.2044
MD,TS1,TS1MD,3,235,42.4994,-72.2044
MD,TS1,TS1MD,3,236,42.4994,-72.2044
MD,TS1,TS1MD,3,235,42.4994,-72.2044
MD,TS1,TS1MD,3,236,42.4994,-72.2044
MD,TS1,TS1MD,3,235,42.4994,-72.2044
MD,TS1,TS1MD,3,236,42.4994,-72.2044
MD,TS1,TS1MD,3,235,42.4994,-72.2044
MD,TS1,TS1MD,3,236,42.4994,-72.2044
MD,TS1,TS1MD,3,235,42.4994,-72.2044
MD,TS1,TS1MD,3,236,42.4994,-72.2044
MD,TS1,TS1MD,3,235,42.4994,-72.2044
MD,TS1,TS1MD,3,236,42.4994,-72.2044
MD,TS1,TS1MD,4,237,42.4996,-72.2048
MD,TS1,TS1MD,4,238,42.4996,-72.2048
MD,TS1,TS1MD,4,237,42.4996,-72.2048
MD,TS1,TS1MD,4,238,42.4996,-72.2048
MD,TS1,TS1MD,4,237,42.4996,-72.2048
MD,TS1,TS1MD,4,238,42.4996,-72.2048
MD,TS1,TS1MD,4,237,42.4996,-72.2048
MD,TS1,TS1MD,4,238,42.4996,-72.2048
MD,TS1,TS1MD,4,237,42.4996,-72.2048
MD,TS1,TS1MD,4,238,42.4996,-72.2048
MD,TS1,TS1MD,4,237,42.4996,-72.2048
MD,TS1,TS1MD,4,238,42.4996,-72.2048
MD,TS1,TS1MD,4,237,42.4996,-72.2048
MD,TS1,TS1MD,4,238,42.4996,-72.2048
MD,TS1,TS1MD,4,237,42.4996,-72.2048
MD,TS1,TS1MD,4,238,42.4996,-72.2048
MD,TS1,TS1MD,5,239,42.4996,-72.2044
MD,TS1,TS1MD,5,240,42.4996,-72.2044
MD,TS1,TS1MD,5,239,42.4996,-72.2044
MD,TS1,TS1MD,5,240,42.4996,-72.2044
MD,TS1,TS1MD,5,239,42.4996,-72.2044
MD,TS1,TS1MD,5,240,42.4996,-72.2044
MD,TS1,TS1MD,5,239,42.4996,-72.2044
MD,TS1,TS1MD,5,240,42.4996,-72.2044
MD,TS1,TS1MD,5,239,42.4996,-72.2044
MD,TS1,TS1MD,5,240,42.4996,-72.2044
MD,TS1,TS1MD,5,239,42.4996,-72.2044
MD,TS1,TS1MD,5,240,42.4996,-72.2044
MD,TS1,TS1MD,5,239,42.4996,-72.2044
MD,TS1,TS1MD,5,240,42.4996,-72.2044
MD,TS1,TS1MD,5,239,42.4996,-72.2044
MD,TS1,TS1MD,5,240,42.4996,-72.2044
TS,PH,PHTS,1,241,42.5387,-72.1787
TS,PH,PHTS,1,242,42.5387,-72.1787
TS,PH,PHTS,1,241,42.5387,-72.1787
TS,PH,PHTS,1,242,42.5387,-72.1787
TS,PH,PHTS,1,241,42.5387,-72.1787
TS,PH,PHTS,1,242,42.5387,-72.1787
TS,PH,PHTS,1,241,42.5387,-72.1787
TS,PH,PHTS,1,242,42.5387,-72.1787
TS,PH,PHTS,1,241,42.5387,-72.1787
TS,PH,PHTS,1,242,42.5387,-72.1787
TS,PH,PHTS,1,241,42.5387,-72.1787
TS,PH,PHTS,1,242,42.5387,-72.1787
TS,PH,PHTS,1,241,42.5387,-72.1787
TS,PH,PHTS,1,242,42.5387,-72.1787
TS,PH,PHTS,1,241,42.5387,-72.1787
TS,PH,PHTS,1,242,42.5387,-72.1787
TS,PH,PHTS,2,243,42.5382,-72.1784
TS,PH,PHTS,2,244,42.5382,-72.1784
TS,PH,PHTS,2,243,42.5382,-72.1784
TS,PH,PHTS,2,244,42.5382,-72.1784
TS,PH,PHTS,2,243,42.5382,-72.1784
TS,PH,PHTS,2,244,42.5382,-72.1784
TS,PH,PHTS,2,243,42.5382,-72.1784
TS,PH,PHTS,2,244,42.5382,-72.1784
TS,PH,PHTS,2,243,42.5382,-72.1784
TS,PH,PHTS,2,244,42.5382,-72.1784
TS,PH,PHTS,2,243,42.5382,-72.1784
TS,PH,PHTS,2,244,42.5382,-72.1784
TS,PH,PHTS,2,243,42.5382,-72.1784
TS,PH,PHTS,2,244,42.5382,-72.1784
TS,PH,PHTS,2,243,42.5382,-72.1784
TS,PH,PHTS,2,244,42.5382,-72.1784
TS,PH,PHTS,3,245,42.5382,-72.1789
TS,PH,PHTS,3,246,42.5382,-72.1789
TS,PH,PHTS,3,245,42.5382,-72.1789
TS,PH,PHTS,3,246,42.5382,-72.1789
TS,PH,PHTS,3,245,42.5382,-72.1789
TS,PH,PHTS,3,246,42.5382,-72.1789
TS,PH,PHTS,3,245,42.5382,-72.1789
TS,PH,PHTS,3,246,42.5382,-72.1789
TS,PH,PHTS,3,245,42.5382,-72.1789
TS,PH,PHTS,3,246,42.5382,-72.1789
TS,PH,PHTS,3,245,42.5382,-72.1789
TS,PH,PHTS,3,246,42.5382,-72.1789
TS,PH,PHTS,3,245,42.5382,-72.1789
TS,PH,PHTS,3,246,42.5382,-72.1789
TS,PH,PHTS,3,245,42.5382,-72.1789
TS,PH,PHTS,3,246,42.5382,-72.1789
TS,PH,PHTS,4,247,42.5387,-72.1789
TS,PH,PHTS,4,248,42.5387,-72.1789
TS,PH,PHTS,4,247,42.5387,-72.1789
TS,PH,PHTS,4,248,42.5387,-72.1789
TS,PH,PHTS,4,247,42.5387,-72.1789
TS,PH,PHTS,4,248,42.5387,-72.1789
TS,PH,PHTS,4,247,42.5387,-72.1789
TS,PH,PHTS,4,248,42.5387,-72.1789
TS,PH,PHTS,4,247,42.5387,-72.1789
TS,PH,PHTS,4,248,42.5387,-72.1789
TS,PH,PHTS,4,247,42.5387,-72.1789
TS,PH,PHTS,4,248,42.5387,-72.1789
TS,PH,PHTS,4,247,42.5387,-72.1789
TS,PH,PHTS,4,248,42.5387,-72.1789
TS,PH,PHTS,4,247,42.5387,-72.1789
TS,PH,PHTS,4,248,42.5387,-72.1789
TS,PH,PHTS,5,249,42.5385,-72.1787
TS,PH,PHTS,5,250,42.5385,-72.1787
TS,PH,PHTS,5,249,42.5385,-72.1787
TS,PH,PHTS,5,250,42.5385,-72.1787
TS,PH,PHTS,5,249,42.5385,-72.1787
TS,PH,PHTS,5,250,42.5385,-72.1787
TS,PH,PHTS,5,249,42.5385,-72.1787
TS,PH,PHTS,5,250,42.5385,-72.1787
TS,PH,PHTS,5,249,42.5385,-72.1787
TS,PH,PHTS,5,250,42.5385,-72.1787
TS,PH,PHTS,5,249,42.5385,-72.1787
TS,PH,PHTS,5,250,42.5385,-72.1787
TS,PH,PHTS,5,249,42.5385,-72.1787
TS,PH,PHTS,5,250,42.5385,-72.1787
TS,PH,PHTS,5,249,42.5385,-72.1787
TS,PH,PHTS,5,250,42.5385,-72.1787
MD,PH,PHMD,1,251,42.5394,-72.1827
MD,PH,PHMD,1,252,42.5394,-72.1827
MD,PH,PHMD,1,251,42.5394,-72.1827
MD,PH,PHMD,1,252,42.5394,-72.1827
MD,PH,PHMD,1,251,42.5394,-72.1827
MD,PH,PHMD,1,252,42.5394,-72.1827
MD,PH,PHMD,1,251,42.5394,-72.1827
MD,PH,PHMD,1,252,42.5394,-72.1827
MD,PH,PHMD,1,251,42.5394,-72.1827
MD,PH,PHMD,1,252,42.5394,-72.1827
MD,PH,PHMD,1,251,42.5394,-72.1827
MD,PH,PHMD,1,252,42.5394,-72.1827
MD,PH,PHMD,1,251,42.5394,-72.1827
MD,PH,PHMD,1,252,42.5394,-72.1827
MD,PH,PHMD,1,251,42.5394,-72.1827
MD,PH,PHMD,1,252,42.5394,-72.1827
MD,PH,PHMD,2,253,42.5391,-72.1825
MD,PH,PHMD,2,254,42.5391,-72.1825
MD,PH,PHMD,2,253,42.5391,-72.1825
MD,PH,PHMD,2,254,42.5391,-72.1825
MD,PH,PHMD,2,253,42.5391,-72.1825
MD,PH,PHMD,2,254,42.5391,-72.1825
MD,PH,PHMD,2,253,42.5391,-72.1825
MD,PH,PHMD,2,254,42.5391,-72.1825
MD,PH,PHMD,2,253,42.5391,-72.1825
MD,PH,PHMD,2,254,42.5391,-72.1825
MD,PH,PHMD,2,253,42.5391,-72.1825
MD,PH,PHMD,2,254,42.5391,-72.1825
MD,PH,PHMD,2,253,42.5391,-72.1825
MD,PH,PHMD,2,254,42.5391,-72.1825
MD,PH,PHMD,2,253,42.5391,-72.1825
MD,PH,PHMD,2,254,42.5391,-72.1825
MD,PH,PHMD,3,255,42.539,-72.1829
MD,PH,PHMD,3,256,42.539,-72.1829
MD,PH,PHMD,3,255,42.539,-72.1829
MD,PH,PHMD,3,256,42.539,-72.1829
MD,PH,PHMD,3,255,42.539,-72.1829
MD,PH,PHMD,3,256,42.539,-72.1829
MD,PH,PHMD,3,255,42.539,-72.1829
MD,PH,PHMD,3,256,42.539,-72.1829
MD,PH,PHMD,3,255,42.539,-72.1829
MD,PH,PHMD,3,256,42.539,-72.1829
MD,PH,PHMD,3,255,42.539,-72.1829
MD,PH,PHMD,3,256,42.539,-72.1829
MD,PH,PHMD,3,255,42.539,-72.1829
MD,PH,PHMD,3,256,42.539,-72.1829
MD,PH,PHMD,3,255,42.539,-72.1829
MD,PH,PHMD,3,256,42.539,-72.1829
MD,PH,PHMD,4,257,42.5392,-72.183
MD,PH,PHMD,4,258,42.5392,-72.183
MD,PH,PHMD,4,257,42.5392,-72.183
MD,PH,PHMD,4,258,42.5392,-72.183
MD,PH,PHMD,4,257,42.5392,-72.183
MD,PH,PHMD,4,258,42.5392,-72.183
MD,PH,PHMD,4,257,42.5392,-72.183
MD,PH,PHMD,4,258,42.5392,-72.183
MD,PH,PHMD,4,257,42.5392,-72.183
MD,PH,PHMD,4,258,42.5392,-72.183
MD,PH,PHMD,4,257,42.5392,-72.183
MD,PH,PHMD,4,258,42.5392,-72.183
MD,PH,PHMD,4,257,42.5392,-72.183
MD,PH,PHMD,4,258,42.5392,-72.183
MD,PH,PHMD,4,257,42.5392,-72.183
MD,PH,PHMD,4,258,42.5392,-72.183
MD,PH,PHMD,5,259,42.5391,-72.1828
MD,PH,PHMD,5,260,42.5391,-72.1828
MD,PH,PHMD,5,259,42.5391,-72.1828
MD,PH,PHMD,5,260,42.5391,-72.1828
MD,PH,PHMD,5,259,42.5391,-72.1828
MD,PH,PHMD,5,260,42.5391,-72.1828
MD,PH,PHMD,5,259,42.5391,-72.1828
MD,PH,PHMD,5,260,42.5391,-72.1828
MD,PH,PHMD,5,259,42.5391,-72.1828
MD,PH,PHMD,5,260,42.5391,-72.1828
MD,PH,PHMD,5,259,42.5391,-72.1828
MD,PH,PHMD,5,260,42.5391,-72.1828
MD,PH,PHMD,5,259,42.5391,-72.1828
MD,PH,PHMD,5,260,42.5391,-72.1828
MD,PH,PHMD,5,259,42.5391,-72.1828
MD,PH,PHMD,5,260,42.5391,-72.1828
TS,TS2,TS2TS,1,261,42.5071,-72.2148
TS,TS2,TS2TS,1,262,42.5071,-72.2148
TS,TS2,TS2TS,1,261,42.5071,-72.2148
TS,TS2,TS2TS,1,262,42.5071,-72.2148
TS,TS2,TS2TS,1,261,42.5071,-72.2148
TS,TS2,TS2TS,1,262,42.5071,-72.2148
TS,TS2,TS2TS,1,261,42.5071,-72.2148
TS,TS2,TS2TS,1,262,42.5071,-72.2148
TS,TS2,TS2TS,1,261,42.5071,-72.2148
TS,TS2,TS2TS,1,262,42.5071,-72.2148
TS,TS2,TS2TS,1,261,42.5071,-72.2148
TS,TS2,TS2TS,1,262,42.5071,-72.2148
TS,TS2,TS2TS,1,261,42.5071,-72.2148
TS,TS2,TS2TS,1,262,42.5071,-72.2148
TS,TS2,TS2TS,1,261,42.5071,-72.2148
TS,TS2,TS2TS,1,262,42.5071,-72.2148
TS,TS2,TS2TS,2,263,42.5069,-72.2145
TS,TS2,TS2TS,2,264,42.5069,-72.2145
TS,TS2,TS2TS,2,263,42.5069,-72.2145
TS,TS2,TS2TS,2,264,42.5069,-72.2145
TS,TS2,TS2TS,2,263,42.5069,-72.2145
TS,TS2,TS2TS,2,264,42.5069,-72.2145
TS,TS2,TS2TS,2,263,42.5069,-72.2145
TS,TS2,TS2TS,2,264,42.5069,-72.2145
TS,TS2,TS2TS,2,263,42.5069,-72.2145
TS,TS2,TS2TS,2,264,42.5069,-72.2145
TS,TS2,TS2TS,2,263,42.5069,-72.2145
TS,TS2,TS2TS,2,263,42.5069,-72.2145
TS,TS2,TS2TS,2,264,42.5069,-72.2145
TS,TS2,TS2TS,2,263,42.5069,-72.2145
TS,TS2,TS2TS,2,264,42.5069,-72.2145
TS,TS2,TS2TS,2,263,42.5069,-72.2145
TS,TS2,TS2TS,2,264,42.5069,-72.2145
TS,TS2,TS2TS,3,265,42.5068,-72.2146
TS,TS2,TS2TS,3,266,42.5068,-72.2146
TS,TS2,TS2TS,3,265,42.5068,-72.2146
TS,TS2,TS2TS,3,266,42.5068,-72.2146
TS,TS2,TS2TS,3,265,42.5068,-72.2146
TS,TS2,TS2TS,3,266,42.5068,-72.2146
TS,TS2,TS2TS,3,265,42.5068,-72.2146
TS,TS2,TS2TS,3,266,42.5068,-72.2146
TS,TS2,TS2TS,3,265,42.5068,-72.2146
TS,TS2,TS2TS,3,266,42.5068,-72.2146
TS,TS2,TS2TS,3,265,42.5068,-72.2146
TS,TS2,TS2TS,3,266,42.5068,-72.2146
TS,TS2,TS2TS,3,265,42.5068,-72.2146
TS,TS2,TS2TS,3,266,42.5068,-72.2146
TS,TS2,TS2TS,3,265,42.5068,-72.2146
TS,TS2,TS2TS,3,266,42.5068,-72.2146
TS,TS2,TS2TS,4,267,42.5068,-72.2152
TS,TS2,TS2TS,4,268,42.5068,-72.2152
TS,TS2,TS2TS,4,267,42.5068,-72.2152
TS,TS2,TS2TS,4,268,42.5068,-72.2152
TS,TS2,TS2TS,4,267,42.5068,-72.2152
TS,TS2,TS2TS,4,268,42.5068,-72.2152
TS,TS2,TS2TS,4,267,42.5068,-72.2152
TS,TS2,TS2TS,4,268,42.5068,-72.2152
TS,TS2,TS2TS,4,267,42.5068,-72.2152
TS,TS2,TS2TS,4,268,42.5068,-72.2152
TS,TS2,TS2TS,4,267,42.5068,-72.2152
TS,TS2,TS2TS,4,268,42.5068,-72.2152
TS,TS2,TS2TS,4,267,42.5068,-72.2152
TS,TS2,TS2TS,4,268,42.5068,-72.2152
TS,TS2,TS2TS,4,267,42.5068,-72.2152
TS,TS2,TS2TS,4,268,42.5068,-72.2152
TS,TS2,TS2TS,5,269,42.507,-72.2148
TS,TS2,TS2TS,5,270,42.507,-72.2148
TS,TS2,TS2TS,5,269,42.507,-72.2148
TS,TS2,TS2TS,5,270,42.507,-72.2148
TS,TS2,TS2TS,5,269,42.507,-72.2148
TS,TS2,TS2TS,5,270,42.507,-72.2148
TS,TS2,TS2TS,5,269,42.507,-72.2148
TS,TS2,TS2TS,5,270,42.507,-72.2148
TS,TS2,TS2TS,5,269,42.507,-72.2148
TS,TS2,TS2TS,5,270,42.507,-72.2148
TS,TS2,TS2TS,5,269,42.507,-72.2148
TS,TS2,TS2TS,5,270,42.507,-72.2148
TS,TS2,TS2TS,5,269,42.507,-72.2148
TS,TS2,TS2TS,5,270,42.507,-72.2148
TS,TS2,TS2TS,5,269,42.507,-72.2148
TS,TS2,TS2TS,5,270,42.507,-72.2148
MD,TS2,TS2MD,1,271,42.5118,-72.2166
MD,TS2,TS2MD,1,272,42.5118,-72.2166
MD,TS2,TS2MD,1,271,42.5118,-72.2166
MD,TS2,TS2MD,1,272,42.5118,-72.2166
MD,TS2,TS2MD,1,271,42.5118,-72.2166
MD,TS2,TS2MD,1,272,42.5118,-72.2166
MD,TS2,TS2MD,1,271,42.5118,-72.2166
MD,TS2,TS2MD,1,272,42.5118,-72.2166
MD,TS2,TS2MD,1,271,42.5118,-72.2166
MD,TS2,TS2MD,1,272,42.5118,-72.2166
MD,TS2,TS2MD,1,271,42.5118,-72.2166
MD,TS2,TS2MD,1,272,42.5118,-72.2166
MD,TS2,TS2MD,1,271,42.5118,-72.2166
MD,TS2,TS2MD,1,272,42.5118,-72.2166
MD,TS2,TS2MD,1,271,42.5118,-72.2166
MD,TS2,TS2MD,1,272,42.5118,-72.2166
MD,TS2,TS2MD,1,272,42.5118,-72.2166
MD,TS2,TS2MD,2,273,42.5118,-72.2163
MD,TS2,TS2MD,2,274,42.5118,-72.2163
MD,TS2,TS2MD,2,273,42.5118,-72.2163
MD,TS2,TS2MD,2,274,42.5118,-72.2163
MD,TS2,TS2MD,2,273,42.5118,-72.2163
MD,TS2,TS2MD,2,274,42.5118,-72.2163
MD,TS2,TS2MD,2,273,42.5118,-72.2163
MD,TS2,TS2MD,2,274,42.5118,-72.2163
MD,TS2,TS2MD,2,273,42.5118,-72.2163
MD,TS2,TS2MD,2,274,42.5118,-72.2163
MD,TS2,TS2MD,2,273,42.5118,-72.2163
MD,TS2,TS2MD,2,274,42.5118,-72.2163
MD,TS2,TS2MD,2,273,42.5118,-72.2163
MD,TS2,TS2MD,2,274,42.5118,-72.2163
MD,TS2,TS2MD,2,273,42.5118,-72.2163
MD,TS2,TS2MD,2,274,42.5118,-72.2163
MD,TS2,TS2MD,3,275,42.5113,-72.2164
MD,TS2,TS2MD,3,276,42.5113,-72.2164
MD,TS2,TS2MD,3,275,42.5113,-72.2164
MD,TS2,TS2MD,3,276,42.5113,-72.2164
MD,TS2,TS2MD,3,275,42.5113,-72.2164
MD,TS2,TS2MD,3,276,42.5113,-72.2164
MD,TS2,TS2MD,3,275,42.5113,-72.2164
MD,TS2,TS2MD,3,276,42.5113,-72.2164
MD,TS2,TS2MD,3,275,42.5113,-72.2164
MD,TS2,TS2MD,3,276,42.5113,-72.2164
MD,TS2,TS2MD,3,275,42.5113,-72.2164
MD,TS2,TS2MD,3,276,42.5113,-72.2164
MD,TS2,TS2MD,3,275,42.5113,-72.2164
MD,TS2,TS2MD,3,276,42.5113,-72.2164
MD,TS2,TS2MD,3,275,42.5113,-72.2164
MD,TS2,TS2MD,3,276,42.5113,-72.2164
MD,TS2,TS2MD,4,277,42.5117,-72.2167
MD,TS2,TS2MD,4,278,42.5117,-72.2167
MD,TS2,TS2MD,4,277,42.5117,-72.2167
MD,TS2,TS2MD,4,278,42.5117,-72.2167
MD,TS2,TS2MD,4,277,42.5117,-72.2167
MD,TS2,TS2MD,4,278,42.5117,-72.2167
MD,TS2,TS2MD,4,277,42.5117,-72.2167
MD,TS2,TS2MD,4,278,42.5117,-72.2167
MD,TS2,TS2MD,4,277,42.5117,-72.2167
MD,TS2,TS2MD,4,278,42.5117,-72.2167
MD,TS2,TS2MD,4,277,42.5117,-72.2167
MD,TS2,TS2MD,4,278,42.5117,-72.2167
MD,TS2,TS2MD,4,277,42.5117,-72.2167
MD,TS2,TS2MD,4,278,42.5117,-72.2167
MD,TS2,TS2MD,4,277,42.5117,-72.2167
MD,TS2,TS2MD,4,278,42.5117,-72.2167
MD,TS2,TS2MD,5,279,42.5117,-72.2167
MD,TS2,TS2MD,5,280,42.5117,-72.2167
MD,TS2,TS2MD,5,279,42.5117,-72.2167
MD,TS2,TS2MD,5,280,42.5117,-72.2167
MD,TS2,TS2MD,5,279,42.5117,-72.2167
MD,TS2,TS2MD,5,280,42.5117,-72.2167
MD,TS2,TS2MD,5,279,42.5117,-72.2167
MD,TS2,TS2MD,5,280,42.5117,-72.2167
MD,TS2,TS2MD,5,279,42.5117,-72.2167
MD,TS2,TS2MD,5,280,42.5117,-72.2167
MD,TS2,TS2MD,5,279,42.5117,-72.2167
MD,TS2,TS2MD,5,280,42.5117,-72.2167
MD,TS2,TS2MD,5,279,42.5117,-72.2167
MD,TS2,TS2MD,5,280,42.5117,-72.2167
MD,TS2,TS2MD,5,279,42.5117,-72.2167
MD,TS2,TS2MD,5,280,42.5117,-72.2167
TS,SC2,SC2TS,1,281,42.4541,-72.1689
TS,SC2,SC2TS,1,282,42.4541,-72.1689
TS,SC2,SC2TS,1,281,42.4541,-72.1689
TS,SC2,SC2TS,1,282,42.4541,-72.1689
TS,SC2,SC2TS,1,281,42.4541,-72.1689
TS,SC2,SC2TS,1,282,42.4541,-72.1689
TS,SC2,SC2TS,1,281,42.4541,-72.1689
TS,SC2,SC2TS,1,282,42.4541,-72.1689
TS,SC2,SC2TS,1,281,42.4541,-72.1689
TS,SC2,SC2TS,1,282,42.4541,-72.1689
TS,SC2,SC2TS,1,281,42.4541,-72.1689
TS,SC2,SC2TS,1,282,42.4541,-72.1689
TS,SC2,SC2TS,1,281,42.4541,-72.1689
TS,SC2,SC2TS,1,282,42.4541,-72.1689
TS,SC2,SC2TS,1,281,42.4541,-72.1689
TS,SC2,SC2TS,1,282,42.4541,-72.1689
TS,SC2,SC2TS,2,283,42.4536,-72.1686
TS,SC2,SC2TS,2,284,42.4536,-72.1686
TS,SC2,SC2TS,2,283,42.4536,-72.1686
TS,SC2,SC2TS,2,284,42.4536,-72.1686
TS,SC2,SC2TS,2,283,42.4536,-72.1686
TS,SC2,SC2TS,2,284,42.4536,-72.1686
TS,SC2,SC2TS,2,283,42.4536,-72.1686
TS,SC2,SC2TS,2,284,42.4536,-72.1686
TS,SC2,SC2TS,2,283,42.4536,-72.1686
TS,SC2,SC2TS,2,284,42.4536,-72.1686
TS,SC2,SC2TS,2,283,42.4536,-72.1686
TS,SC2,SC2TS,2,284,42.4536,-72.1686
TS,SC2,SC2TS,2,283,42.4536,-72.1686
TS,SC2,SC2TS,2,284,42.4536,-72.1686
TS,SC2,SC2TS,2,283,42.4536,-72.1686
TS,SC2,SC2TS,2,284,42.4536,-72.1686
TS,SC2,SC2TS,3,285,42.4536,-72.1689
TS,SC2,SC2TS,3,286,42.4536,-72.1689
TS,SC2,SC2TS,3,285,42.4536,-72.1689
TS,SC2,SC2TS,3,286,42.4536,-72.1689
TS,SC2,SC2TS,3,285,42.4536,-72.1689
TS,SC2,SC2TS,3,286,42.4536,-72.1689
TS,SC2,SC2TS,3,285,42.4536,-72.1689
TS,SC2,SC2TS,3,286,42.4536,-72.1689
TS,SC2,SC2TS,3,285,42.4536,-72.1689
TS,SC2,SC2TS,3,286,42.4536,-72.1689
TS,SC2,SC2TS,3,285,42.4536,-72.1689
TS,SC2,SC2TS,3,286,42.4536,-72.1689
TS,SC2,SC2TS,3,285,42.4536,-72.1689
TS,SC2,SC2TS,3,286,42.4536,-72.1689
TS,SC2,SC2TS,3,285,42.4536,-72.1689
TS,SC2,SC2TS,3,286,42.4536,-72.1689
TS,SC2,SC2TS,3,286,42.4536,-72.1689
TS,SC2,SC2TS,4,287,42.4539,-72.1691
TS,SC2,SC2TS,4,288,42.4539,-72.1691
TS,SC2,SC2TS,4,287,42.4539,-72.1691
TS,SC2,SC2TS,4,288,42.4539,-72.1691
TS,SC2,SC2TS,4,287,42.4539,-72.1691
TS,SC2,SC2TS,4,288,42.4539,-72.1691
TS,SC2,SC2TS,4,287,42.4539,-72.1691
TS,SC2,SC2TS,4,288,42.4539,-72.1691
TS,SC2,SC2TS,4,287,42.4539,-72.1691
TS,SC2,SC2TS,4,288,42.4539,-72.1691
TS,SC2,SC2TS,4,287,42.4539,-72.1691
TS,SC2,SC2TS,4,288,42.4539,-72.1691
TS,SC2,SC2TS,4,287,42.4539,-72.1691
TS,SC2,SC2TS,4,288,42.4539,-72.1691
TS,SC2,SC2TS,4,287,42.4539,-72.1691
TS,SC2,SC2TS,4,288,42.4539,-72.1691
TS,SC2,SC2TS,5,289,42.4537,-72.1692
TS,SC2,SC2TS,5,290,42.4537,-72.1692
TS,SC2,SC2TS,5,289,42.4537,-72.1692
TS,SC2,SC2TS,5,290,42.4537,-72.1692
TS,SC2,SC2TS,5,289,42.4537,-72.1692
TS,SC2,SC2TS,5,290,42.4537,-72.1692
TS,SC2,SC2TS,5,289,42.4537,-72.1692
TS,SC2,SC2TS,5,290,42.4537,-72.1692
TS,SC2,SC2TS,5,289,42.4537,-72.1692
TS,SC2,SC2TS,5,290,42.4537,-72.1692
TS,SC2,SC2TS,5,289,42.4537,-72.1692
TS,SC2,SC2TS,5,290,42.4537,-72.1692
TS,SC2,SC2TS,5,289,42.4537,-72.1692
TS,SC2,SC2TS,5,290,42.4537,-72.1692
TS,SC2,SC2TS,5,289,42.4537,-72.1692
TS,SC2,SC2TS,5,290,42.4537,-72.1692
MD,SC2,SC2MD,1,291,42.452,-72.1683
MD,SC2,SC2MD,1,292,42.452,-72.1683
MD,SC2,SC2MD,1,291,42.452,-72.1683
MD,SC2,SC2MD,1,292,42.452,-72.1683
MD,SC2,SC2MD,1,291,42.452,-72.1683
MD,SC2,SC2MD,1,292,42.452,-72.1683
MD,SC2,SC2MD,1,291,42.452,-72.1683
MD,SC2,SC2MD,1,292,42.452,-72.1683
MD,SC2,SC2MD,1,291,42.452,-72.1683
MD,SC2,SC2MD,1,292,42.452,-72.1683
MD,SC2,SC2MD,1,291,42.452,-72.1683
MD,SC2,SC2MD,1,292,42.452,-72.1683
MD,SC2,SC2MD,1,291,42.452,-72.1683
MD,SC2,SC2MD,1,292,42.452,-72.1683
MD,SC2,SC2MD,1,291,42.452,-72.1683
MD,SC2,SC2MD,1,292,42.452,-72.1683
MD,SC2,SC2MD,2,293,42.4523,-72.1682
MD,SC2,SC2MD,2,294,42.4523,-72.1682
MD,SC2,SC2MD,2,293,42.4523,-72.1682
MD,SC2,SC2MD,2,294,42.4523,-72.1682
MD,SC2,SC2MD,2,293,42.4523,-72.1682
MD,SC2,SC2MD,2,294,42.4523,-72.1682
MD,SC2,SC2MD,2,293,42.4523,-72.1682
MD,SC2,SC2MD,2,294,42.4523,-72.1682
MD,SC2,SC2MD,2,293,42.4523,-72.1682
MD,SC2,SC2MD,2,294,42.4523,-72.1682
MD,SC2,SC2MD,2,293,42.4523,-72.1682
MD,SC2,SC2MD,2,294,42.4523,-72.1682
MD,SC2,SC2MD,2,293,42.4523,-72.1682
MD,SC2,SC2MD,2,294,42.4523,-72.1682
MD,SC2,SC2MD,2,293,42.4523,-72.1682
MD,SC2,SC2MD,2,294,42.4523,-72.1682
MD,SC2,SC2MD,3,295,42.4519,-72.1679
MD,SC2,SC2MD,3,296,42.4519,-72.1679
MD,SC2,SC2MD,3,295,42.4519,-72.1679
MD,SC2,SC2MD,3,296,42.4519,-72.1679
MD,SC2,SC2MD,3,295,42.4519,-72.1679
MD,SC2,SC2MD,3,296,42.4519,-72.1679
MD,SC2,SC2MD,3,295,42.4519,-72.1679
MD,SC2,SC2MD,3,296,42.4519,-72.1679
MD,SC2,SC2MD,3,295,42.4519,-72.1679
MD,SC2,SC2MD,3,296,42.4519,-72.1679
MD,SC2,SC2MD,3,295,42.4519,-72.1679
MD,SC2,SC2MD,3,296,42.4519,-72.1679
MD,SC2,SC2MD,3,295,42.4519,-72.1679
MD,SC2,SC2MD,3,296,42.4519,-72.1679
MD,SC2,SC2MD,3,295,42.4519,-72.1679
MD,SC2,SC2MD,3,296,42.4519,-72.1679
MD,SC2,SC2MD,4,297,42.4519,-72.1682
MD,SC2,SC2MD,4,298,42.4519,-72.1682
MD,SC2,SC2MD,4,297,42.4519,-72.1682
MD,SC2,SC2MD,4,298,42.4519,-72.1682
MD,SC2,SC2MD,4,297,42.4519,-72.1682
MD,SC2,SC2MD,4,298,42.4519,-72.1682
MD,SC2,SC2MD,4,297,42.4519,-72.1682
MD,SC2,SC2MD,4,298,42.4519,-72.1682
MD,SC2,SC2MD,4,297,42.4519,-72.1682
MD,SC2,SC2MD,4,298,42.4519,-72.1682
MD,SC2,SC2MD,4,297,42.4519,-72.1682
MD,SC2,SC2MD,4,298,42.4519,-72.1682
MD,SC2,SC2MD,4,297,42.4519,-72.1682
MD,SC2,SC2MD,4,298,42.4519,-72.1682
MD,SC2,SC2MD,4,297,42.4519,-72.1682
MD,SC2,SC2MD,4,298,42.4519,-72.1682
MD,SC2,SC2MD,5,299,42.452,-72.1681
MD,SC2,SC2MD,5,300,42.452,-72.1681
MD,SC2,SC2MD,5,299,42.452,-72.1681
MD,SC2,SC2MD,5,300,42.452,-72.1681
MD,SC2,SC2MD,5,299,42.452,-72.1681
MD,SC2,SC2MD,5,300,42.452,-72.1681
MD,SC2,SC2MD,5,299,42.452,-72.1681
MD,SC2,SC2MD,5,300,42.452,-72.1681
MD,SC2,SC2MD,5,299,42.452,-72.1681
MD,SC2,SC2MD,5,300,42.452,-72.1681
MD,SC2,SC2MD,5,299,42.452,-72.1681
MD,SC2,SC2MD,5,299,42.452,-72.1681
MD,SC2,SC2MD,5,300,42.452,-72.1681
MD,SC2,SC2MD,5,299,42.452,-72.1681
MD,SC2,SC2MD,5,300,42.452,-72.1681
MD,SC2,SC2MD,5,299,42.452,-72.1681
MD,SC2,SC2MD,5,300,42.452,-72.1681
NA,NA,SC1TS,NA,210,NA,NA
NA,NA,WA3MD,NA,58,NA,NA
NA,NA,WA3TS,NA,49,NA,NA
NA,NA,WA3MD,NA,52,NA,NA
NA,NA,NSFTS,NA,175,NA,NA
NA,NA,NSFMD,NA,168,NA,NA
NA,NA,SC2TS,NA,288,NA,NA
NA,NA,SC1MD,NA,52,NA,NA
NA,NA,WA2MD,NA,12,NA,NA
