plot,asn,aco,n_ind,site,ft,lat,long,datum,ba,st.ha,ts,bearing,aspect,slope,canopy.cover,cwd.no,cwd.con,vcwd,vcwd.con,avg.dc,tot.snags,avg.snag.ht,avg.snag.dbh,soil.ph
BHMD,1,91,1,BH,MD,N 42°40.571',W 72°08.336',NAD83,23.9,962,0.43,FLAT,NA,FLAT,92,5,4,35.2,34.2,4.2,1,7,26,3.762
BHMD,1,92,1,BH,MD,N 42°40.571',W 72°08.336',NAD83,23.9,962,0.43,FLAT,NA,FLAT,92,5,4,35.2,34.2,4.2,1,7,26,3.762
BHMD,2,93,1,BH,MD,N 42°40.558',W 72°08.307',NAD83,28.3,1019,0,338,N,5,87,9,5,14.4,11,3,5,8,12,4.097
BHMD,2,94,0,BH,MD,N 42°40.558',W 72°08.307',NAD83,28.3,1019,0,338,N,5,87,9,5,14.4,11,3,5,8,12,4.097
BHMD,3,95,0,BH,MD,N 42°40.549',W 72°08.313',NAD83,51.3,1302,0.01,240,SW,5,90,3,0,4.6,0,2.3,7,7,7,3.523
BHMD,3,96,1,BH,MD,N 42°40.549',W 72°08.313',NAD83,51.3,1302,0.01,240,SW,5,90,3,0,4.6,0,2.3,7,7,7,3.523
BHMD,4,97,3,BH,MD,N 42°40.548',W 72°08.347',NAD83,42.3,1132,0.09,FLAT,NA,FLAT,87,9,6,72.2,67.4,3.2,8,6,11,3.744
BHMD,4,98,0,BH,MD,N 42°40.548',W 72°08.347',NAD83,42.3,1132,0.09,FLAT,NA,FLAT,87,9,6,72.2,67.4,3.2,8,6,11,3.744
BHMD,5,99,1,BH,MD,N 42°40.556',W 72°08.325',NAD83,28.5,1245,0.1,FLAT,NA,FLAT,90,7,4,51.3,45.1,4,4,7,14,3.905
BHMD,5,100,0,BH,MD,N 42°40.556',W 72°08.325',NAD83,28.5,1245,0.1,FLAT,NA,FLAT,90,7,4,51.3,45.1,4,4,7,14,3.905
BHTS,1,81,0,BH,TS,N 42°40.751',W 72°08.486',NAD83,37.4,1302,0.41,44,NE,6,91,9,7,11.5,10,3.4,3,4,10,3.413
BHTS,1,82,0,BH,TS,N 42°40.751',W 72°08.486',NAD83,37.4,1302,0.41,44,NE,6,91,9,7,11.5,10,3.4,3,4,10,3.413
BHTS,2,83,0,BH,TS,N 42°40.732',W 72°08.475',NAD83,39.2,1528,0.74,160,S,9,92,8,6,31,30.1,3.4,1,7,9,3.4
BHTS,2,84,0,BH,TS,N 42°40.732',W 72°08.475',NAD83,39.2,1528,0.74,160,S,9,92,8,6,31,30.1,3.4,1,7,9,3.4
BHTS,3,85,0,BH,TS,N 42°40.733',W 72°08.507',NAD83,26.8,1641,0.7,FLAT,NA,FLAT,90,6,6,48.5,48.5,3.8,2,5,15,3.695
BHTS,3,86,0,BH,TS,N 42°40.733',W 72°08.507',NAD83,26.8,1641,0.7,FLAT,NA,FLAT,90,6,6,48.5,48.5,3.8,2,5,15,3.695
BHTS,4,87,0,BH,TS,N 42°40.747',W 72°08.517',NAD83,23.8,1132,0.84,252,W,2,91,1,1,0.5,0.5,4,7,13,19,4.085
BHTS,4,88,0,BH,TS,N 42°40.747',W 72°08.517',NAD83,23.8,1132,0.84,252,W,2,91,1,1,0.5,0.5,4,7,13,19,4.085
BHTS,5,89,0,BH,TS,N 42°40.744',W 72°08.492',NAD83,35.7,2886,0.52,230,SW,3,93,11,4,28.1,5.7,2.5,7,6,14,3.69
BHTS,5,90,1,BH,TS,N 42°40.744',W 72°08.492',NAD83,35.7,2886,0.52,230,SW,3,93,11,4,28.1,5.7,2.5,7,6,14,3.69
ER1MD,1,111,0,ER1,MD,N 42°37.753',W 72°22.115',NAD83,38.4,1471,0.04,67,E,5,94,6,6,10,10,1.8,5,7,9,3.91
ER1MD,1,112,2,ER1,MD,N 42°37.753',W 72°22.115',NAD83,38.4,1471,0.04,67,E,5,94,6,6,10,10,1.8,5,7,9,3.91
ER1MD,2,113,0,ER1,MD,N 42°37.739',W 72°22.089',NAD83,40.9,1585,0.04,60,E,7,95,14,13,17.9,16.5,3,6,6,9,3.683
ER1MD,2,114,0,ER1,MD,N 42°37.739',W 72°22.089',NAD83,40.9,1585,0.04,60,E,7,95,14,13,17.9,16.5,3,6,6,9,3.683
ER1MD,3,115,1,ER1,MD,N 42°37.717',W 72°22.114',NAD83,13.4,792,0,40,NE,16,89,9,3,18.6,12.3,2.4,7,5,9,4.513
ER1MD,3,116,1,ER1,MD,N 42°37.717',W 72°22.114',NAD83,13.4,792,0,40,NE,16,89,9,3,18.6,12.3,2.4,7,5,9,4.513
ER1MD,4,117,1,ER1,MD,N 42°37.724',W 72°22.129',NAD83,26.1,1075,0,53,NE,6,94,6,6,21.1,21.1,3.7,3,5,8,4.176
ER1MD,4,118,0,ER1,MD,N 42°37.724',W 72°22.129',NAD83,26.1,1075,0,53,NE,6,94,6,6,21.1,21.1,3.7,3,5,8,4.176
ER1MD,5,119,0,ER1,MD,N 42°37.734',W 72°22.121',NAD83,42.3,1245,0.03,52,NE,10,92,5,2,12.4,9,3.2,0,0,0,4.458
ER1MD,5,120,1,ER1,MD,N 42°37.734',W 72°22.121',NAD83,42.3,1245,0.03,52,NE,10,92,5,2,12.4,9,3.2,0,0,0,4.458
ER1TS,1,101,0,ER1,TS,N 42°37.692',W 72°21.985',NAD83,47.9,736,0.64,50,NE,9,94,8,6,26,19,3.8,15,9,9,3.519
ER1TS,1,102,0,ER1,TS,N 42°37.692',W 72°21.985',NAD83,47.9,736,0.64,50,NE,9,94,8,6,26,19,3.8,15,9,9,3.519
ER1TS,1,109,0,ER1,TS,N 42°37.692',W 72°21.985',NAD83,47.9,736,0.64,50,NE,9,94,8,6,26,19,3.8,15,9,9,3.519
ER1TS,1,110,0,ER1,TS,N 42°37.692',W 72°21.985',NAD83,47.9,736,0.64,50,NE,9,94,8,6,26,19,3.8,15,9,9,3.519
ER1TS,2,103,1,ER1,TS,N 42°37.692',W 72°21.959',NAD83,86.1,962,0.25,40,NE,8,93,9,4,10.8,4.6,2.8,8,8,14,3.565
ER1TS,2,104,1,ER1,TS,N 42°37.692',W 72°21.959',NAD83,86.1,962,0.25,40,NE,8,93,9,4,10.8,4.6,2.8,8,8,14,3.565
ER1TS,2,111,0,ER1,TS,N 42°37.692',W 72°21.959',NAD83,86.1,962,0.25,40,NE,8,93,9,4,10.8,4.6,2.8,8,8,14,3.565
ER1TS,2,112,0,ER1,TS,N 42°37.692',W 72°21.959',NAD83,86.1,962,0.25,40,NE,8,93,9,4,10.8,4.6,2.8,8,8,14,3.565
ER1TS,3,105,0,ER1,TS,N 42°37.664',W 72°21.959',NAD83,40.3,1415,0.97,60,E,2,91,12,8,148.2,112.9,2.3,9,8,11,4.424
ER1TS,3,106,0,ER1,TS,N 42°37.664',W 72°21.959',NAD83,40.3,1415,0.97,60,E,2,91,12,8,148.2,112.9,2.3,9,8,11,4.424
ER1TS,3,113,0,ER1,TS,N 42°37.664',W 72°21.959',NAD83,40.3,1415,0.97,60,E,2,91,12,8,148.2,112.9,2.3,9,8,11,4.424
ER1TS,3,114,0,ER1,TS,N 42°37.664',W 72°21.959',NAD83,40.3,1415,0.97,60,E,2,91,12,8,148.2,112.9,2.3,9,8,11,4.424
ER1TS,4,107,1,ER1,TS,N 42°37.671',W 72°21.986',NAD83,19.6,736,0.59,34,NE,10,96,5,4,5.7,5.2,2.8,1,10,7,3.706
ER1TS,4,108,1,ER1,TS,N 42°37.671',W 72°21.986',NAD83,19.6,736,0.59,34,NE,10,96,5,4,5.7,5.2,2.8,1,10,7,3.706
ER1TS,4,115,0,ER1,TS,N 42°37.671',W 72°21.986',NAD83,19.6,736,0.59,34,NE,10,96,5,4,5.7,5.2,2.8,1,10,7,3.706
ER1TS,4,116,0,ER1,TS,N 42°37.671',W 72°21.986',NAD83,19.6,736,0.59,34,NE,10,96,5,4,5.7,5.2,2.8,1,10,7,3.706
ER1TS,5,109,1,ER1,TS,N 42°37.687',W 72°21.965',NAD83,46,1358,0.98,43,NE,8,95,5,4,6.9,6.5,2.6,9,10,9,3.638
ER1TS,5,110,2,ER1,TS,N 42°37.687',W 72°21.965',NAD83,46,1358,0.98,43,NE,8,95,5,4,6.9,6.5,2.6,9,10,9,3.638
ER1TS,5,117,0,ER1,TS,N 42°37.687',W 72°21.965',NAD83,46,1358,0.98,43,NE,8,95,5,4,6.9,6.5,2.6,9,10,9,3.638
ER1TS,5,118,0,ER1,TS,N 42°37.687',W 72°21.965',NAD83,46,1358,0.98,43,NE,8,95,5,4,6.9,6.5,2.6,9,10,9,3.638
ER2MD,1,131,1,ER2,MD,N 42°36.937',W 72°23.668',NAD83,28,962,0.03,277,W,16,94,12,5,144.1,123,2.9,1,3,14,4.118
ER2MD,1,132,1,ER2,MD,N 42°36.937',W 72°23.668',NAD83,28,962,0.03,277,W,16,94,12,5,144.1,123,2.9,1,3,14,4.118
ER2MD,2,133,0,ER2,MD,N 42°36.920',W 72°23.643',NAD83,33.4,849,0.44,293,NW,11,93,12,11,75.8,60.2,2.9,0,0,0,4.405
ER2MD,2,134,1,ER2,MD,N 42°36.920',W 72°23.643',NAD83,33.4,849,0.44,293,NW,11,93,12,11,75.8,60.2,2.9,0,0,0,4.405
ER2MD,3,135,1,ER2,MD,N 42°36.904',W 72°23.646',NAD83,18.6,679,0.36,298,NW,11,95,10,8,192.6,115.7,2.9,1,3,5,4.768
ER2MD,3,136,0,ER2,MD,N 42°36.904',W 72°23.646',NAD83,18.6,679,0.36,298,NW,11,95,10,8,192.6,115.7,2.9,1,3,5,4.768
ER2MD,4,137,0,ER2,MD,N 42°36.921',W 72°23.677',NAD83,29.6,622,0.26,270,W,21,97,9,5,111.7,50.1,3.6,1,5,7,3.977
ER2MD,4,138,7,ER2,MD,N 42°36.921',W 72°23.677',NAD83,29.6,622,0.26,270,W,21,97,9,5,111.7,50.1,3.6,1,5,7,3.977
ER2MD,5,139,0,ER2,MD,N 42°36.923',W 72°23.664',NAD83,40.4,1358,0,290,W,10,98,10,6,32.3,4.9,2.8,3,4,5,3.737
ER2MD,5,140,2,ER2,MD,N 42°36.923',W 72°23.664',NAD83,40.4,1358,0,290,W,10,98,10,6,32.3,4.9,2.8,3,4,5,3.737
ER2TS,1,121,2,ER2,TS,N 42°37.048',W 72°23.611',NAD83,31.7,1019,0.44,322,NW,9,92,5,3,5.7,3.9,2.8,4,6,15,3.719
ER2TS,1,122,4,ER2,TS,N 42°37.048',W 72°23.611',NAD83,31.7,1019,0.44,322,NW,9,92,5,3,5.7,3.9,2.8,4,6,15,3.719
ER2TS,2,123,0,ER2,TS,N 42°37.050',W 72°23.597',NAD83,51.7,1245,0.52,314,NW,12,NA,14,6,24.1,10.5,3,4,4,14,3.669
ER2TS,2,124,4,ER2,TS,N 42°37.050',W 72°23.597',NAD83,51.7,1245,0.52,314,NW,12,NA,14,6,24.1,10.5,3,4,4,14,3.669
ER2TS,3,125,6,ER2,TS,N 42°37.034',W 72°23.596',NAD83,43.8,1471,0.74,310,NW,20,97,15,10,54.2,51.7,2.9,7,6,17,3.641
ER2TS,3,126,2,ER2,TS,N 42°37.034',W 72°23.596',NAD83,43.8,1471,0.74,310,NW,20,97,15,10,54.2,51.7,2.9,7,6,17,3.641
ER2TS,4,127,0,ER2,TS,N 42°37.028',W 72°23.616',NAD83,39.4,1302,0.59,312,NW,20,92,3,3,19.6,19.6,3.7,3,8,19,4.108
ER2TS,4,128,0,ER2,TS,N 42°37.028',W 72°23.616',NAD83,39.4,1302,0.59,312,NW,20,92,3,3,19.6,19.6,3.7,3,8,19,4.108
ER2TS,5,129,0,ER2,TS,N 42°37.042',W 72°23.606',NAD83,36.2,1528,0.53,320,NW,15,91,6,4,20.3,15.7,3.7,4,4,15,3.911
ER2TS,5,130,0,ER2,TS,N 42°37.042',W 72°23.606',NAD83,36.2,1528,0.53,320,NW,15,91,6,4,20.3,15.7,3.7,4,4,15,3.911
MGSFMD,1,191,0,MGSF,MD,N 42°41.047',W 72°21.171',NAD83,13.9,736,0.21,124,SE,9,90,19,15,72,55.7,3.3,1,18,32,3.757
MGSFMD,1,192,0,MGSF,MD,N 42°41.047',W 72°21.171',NAD83,13.9,736,0.21,124,SE,9,90,19,15,72,55.7,3.3,1,18,32,3.757
MGSFMD,2,193,1,MGSF,MD,N 42°41.029',W 72°21.155',NAD83,19.1,792,0.18,73,E,10,92,8,3,33.5,8,3,1,4,5,4.17
MGSFMD,2,194,2,MGSF,MD,N 42°41.029',W 72°21.155',NAD83,19.1,792,0.18,73,E,10,92,8,3,33.5,8,3,1,4,5,4.17
MGSFMD,3,195,0,MGSF,MD,N 42°41.009',W 72°21.168',NAD83,13.8,1188,0.2,174,S,11,96,2,2,15.2,15.2,3,0,0,0,4.068
MGSFMD,3,196,0,MGSF,MD,N 42°41.009',W 72°21.168',NAD83,13.8,1188,0.2,174,S,11,96,2,2,15.2,15.2,3,0,0,0,4.068
MGSFMD,4,197,0,MGSF,MD,N 42°41.033',W 72°21.191',NAD83,24.4,283,0.4,FLAT,NA,FLAT,93,4,4,23.5,23.5,3.3,2,10,10,3.783
MGSFMD,4,198,0,MGSF,MD,N 42°41.033',W 72°21.191',NAD83,24.4,283,0.4,FLAT,NA,FLAT,93,4,4,23.5,23.5,3.3,2,10,10,3.783
MGSFMD,5,199,1,MGSF,MD,N 42°41.031',W 72°21.176',NAD83,65.5,962,0.05,60,E,7,91,5,1,5,2.5,2.2,1,8,15,3.548
MGSFMD,5,200,1,MGSF,MD,N 42°41.031',W 72°21.176',NAD83,65.5,962,0.05,60,E,7,91,5,1,5,2.5,2.2,1,8,15,3.548
MGSFTS,1,181,1,MGSF,TS,N 42°40.749',W 72°20.918',NAD83,32.7,792,0.86,226,SW,10,93,10,7,46.5,16.2,4.1,2,7,6,3.686
MGSFTS,1,182,1,MGSF,TS,N 42°40.749',W 72°20.918',NAD83,32.7,792,0.86,226,SW,10,93,10,7,46.5,16.2,4.1,2,7,6,3.686
MGSFTS,2,183,0,MGSF,TS,N 42°40.745',W 72°20.885',NAD83,53.5,736,0.64,226,SW,12,92,7,7,18.3,18.3,2.7,0,0,0,3.592
MGSFTS,2,184,1,MGSF,TS,N 42°40.745',W 72°20.885',NAD83,53.5,736,0.64,226,SW,12,92,7,7,18.3,18.3,2.7,0,0,0,3.592
MGSFTS,3,185,0,MGSF,TS,N 42°40.723',W 72°20.882',NAD83,38.7,736,0.52,222,SW,12,93,14,10,52.7,42.1,2.2,2,7.5,45,4.054
MGSFTS,3,186,0,MGSF,TS,N 42°40.723',W 72°20.882',NAD83,38.7,736,0.52,222,SW,12,93,14,10,52.7,42.1,2.2,2,7.5,45,4.054
MGSFTS,4,187,0,MGSF,TS,N 42°40.722',W 72°20.916',NAD83,45.9,849,0.6,226,SW,9,89,11,7,14.9,12.1,3,2,5,10,3.76
MGSFTS,4,188,0,MGSF,TS,N 42°40.722',W 72°20.916',NAD83,45.9,849,0.6,226,SW,9,89,11,7,14.9,12.1,3,2,5,10,3.76
MGSFTS,5,189,1,MGSF,TS,N 42°40.741',W 72°20.913',NAD83,55.4,962,0.7,230,SW,3,90,8,3,85.2,60.1,3.1,4,11,7,3.708
MGSFTS,5,190,1,MGSF,TS,N 42°40.741',W 72°20.913',NAD83,55.4,962,0.7,230,SW,3,90,8,3,85.2,60.1,3.1,4,11,7,3.708
MRMD,1,71,0,MR,MD,N 42°37.640',W 72°11.563',NAD83,16.4,1641,0.06,290,W,24,87,11,9,11.3,10.5,2.9,1,5,7,3.879
MRMD,1,72,0,MR,MD,N 42°37.640',W 72°11.563',NAD83,16.4,1641,0.06,290,W,24,87,11,9,11.3,10.5,2.9,1,5,7,3.879
MRMD,2,73,0,MR,MD,N 42°37.634',W 72°11.538',NAD83,14.3,1358,0,300,NW,12,80,6,6,10.4,10.4,3.3,6,3,7,3.436
MRMD,2,74,0,MR,MD,N 42°37.634',W 72°11.538',NAD83,14.3,1358,0,300,NW,12,80,6,6,10.4,10.4,3.3,6,3,7,3.436
MRMD,3,75,0,MR,MD,N 42°37.618',W 72°11.548',NAD83,5.3,1132,0,290,W,11,67,3,2,3.1,2.5,2.3,5,4,6,4.154
MRMD,3,76,0,MR,MD,N 42°37.618',W 72°11.548',NAD83,5.3,1132,0,290,W,11,67,3,2,3.1,2.5,2.3,5,4,6,4.154
MRMD,4,77,0,MR,MD,N 42°37.621',W 72°11.579',NAD83,15.3,1528,0.01,253,W,12,78,4,4,38.7,38.7,3.8,6,5,8,4.226
MRMD,4,78,1,MR,MD,N 42°37.621',W 72°11.579',NAD83,15.3,1528,0.01,253,W,12,78,4,4,38.7,38.7,3.8,6,5,8,4.226
MRMD,5,79,0,MR,MD,N 42°37.624',W 72°11.561',NAD83,7.9,1585,0,284,W,15,78,3,3,4.8,4.8,2.7,2,3,6,4.291
MRMD,5,80,0,MR,MD,N 42°37.624',W 72°11.561',NAD83,7.9,1585,0,284,W,15,78,3,3,4.8,4.8,2.7,2,3,6,4.291
MRTS,1,61,0,MR,TS,N 42°37.664',W 72°11.622',NAD83,63.7,849,0.92,275,W,22,86,6,3,8.9,6.7,2.3,0,0,0,4.068
MRTS,1,62,1,MR,TS,N 42°37.664',W 72°11.622',NAD83,63.7,849,0.92,275,W,22,86,6,3,8.9,6.7,2.3,0,0,0,4.068
MRTS,2,63,1,MR,TS,N 42°37.641',W 72°11.626',NAD83,35.1,905,0.91,260,W,12,84,5,5,3.7,3.7,4,2,NA,10,3.774
MRTS,2,64,0,MR,TS,N 42°37.641',W 72°11.626',NAD83,35.1,905,0.91,260,W,12,84,5,5,3.7,3.7,4,2,NA,10,3.774
MRTS,3,65,0,MR,TS,N 42°37.628',W 72°11.627',NAD83,35,566,0.43,264,W,11,86,9,6,23.5,10,3.4,2,11,12,3.536
MRTS,3,66,1,MR,TS,N 42°37.628',W 72°11.627',NAD83,35,566,0.43,264,W,11,86,9,6,23.5,10,3.4,2,11,12,3.536
MRTS,4,67,0,MR,TS,N 42°37.651',W 72°11.637',NAD83,23.7,566,0.75,FLAT,NA,FLAT,87,5,4,85.7,59.7,3,0,0,0,3.698
MRTS,4,68,0,MR,TS,N 42°37.651',W 72°11.637',NAD83,23.7,566,0.75,FLAT,NA,FLAT,87,5,4,85.7,59.7,3,0,0,0,3.698
MRTS,5,69,0,MR,TS,N 42°37.638',W 72°11.624',NAD83,35.5,1075,0.69,264,W,17,90,10,6,17.8,11.9,3,2,5,17,3.668
MRTS,5,70,0,MR,TS,N 42°37.638',W 72°11.624',NAD83,35.5,1075,0.69,264,W,17,90,10,6,17.8,11.9,3,2,5,17,3.668
NSFMD,1,171,0,NSF,MD,N 42°38.913',W 72°23.515',NAD83,35.5,622,0,206,SW,6,95,8,5,48.9,29.3,3,2,3,14,3.936
NSFMD,1,172,4,NSF,MD,N 42°38.913',W 72°23.515',NAD83,35.5,622,0,206,SW,6,95,8,5,48.9,29.3,3,2,3,14,3.936
NSFMD,2,173,0,NSF,MD,N 42°38.906',W 72°23.501',NAD83,28,849,0.04,241,SW,6,97,11,9,38.6,37.5,3.9,4,6,12,3.681
NSFMD,2,174,1,NSF,MD,N 42°38.906',W 72°23.501',NAD83,28,849,0.04,241,SW,6,97,11,9,38.6,37.5,3.9,4,6,12,3.681
NSFMD,3,175,4,NSF,MD,N 42°38.890',W 72°23.515',NAD83,40.7,1019,0.04,179,S,5,97,5,3,41,40.1,3.6,4,6,19,3.586
NSFMD,3,176,0,NSF,MD,N 42°38.890',W 72°23.515',NAD83,40.7,1019,0.04,179,S,5,97,5,3,41,40.1,3.6,4,6,19,3.586
NSFMD,4,177,0,NSF,MD,N 42°38.896',W 72°23.532',NAD83,39.8,962,0.37,224,SW,4,96,8,5,41.4,39.4,3.5,2,7,12,3.689
NSFMD,4,178,1,NSF,MD,N 42°38.896',W 72°23.532',NAD83,39.8,962,0.37,224,SW,4,96,8,5,41.4,39.4,3.5,2,7,12,3.689
NSFMD,5,179,1,NSF,MD,N 42°38.899',W 72°23.519',NAD83,33.9,905,0.14,268,W,6,97,1,1,7,7,5,4,11,12,3.095
NSFMD,5,180,0,NSF,MD,N 42°38.899',W 72°23.519',NAD83,33.9,905,0.14,268,W,6,97,1,1,7,7,5,4,11,12,3.095
NSFTS,1,161,2,NSF,TS,N 42°38.923',W 72°23.747',NAD83,49.1,1075,0.71,FLAT,NA,FLAT,95,3,3,3.7,3.7,3,3,6,7,3.521
NSFTS,1,162,0,NSF,TS,N 42°38.923',W 72°23.747',NAD83,49.1,1075,0.71,FLAT,NA,FLAT,95,3,3,3.7,3.7,3,3,6,7,3.521
NSFTS,2,163,1,NSF,TS,N 42°38.909',W 72°23.741',NAD83,68.1,962,0.75,95,E,6,94,3,3,2.3,2.3,2.3,1,3,8,3.618
NSFTS,2,164,1,NSF,TS,N 42°38.909',W 72°23.741',NAD83,68.1,962,0.75,95,E,6,94,3,3,2.3,2.3,2.3,1,3,8,3.618
NSFTS,3,165,0,NSF,TS,N 42°38.901',W 72°23.762',NAD83,57.8,905,0.21,FLAT,NA,FLAT,96,7,5,29.6,28.2,2.9,1,5,6,3.688
NSFTS,3,166,0,NSF,TS,N 42°38.901',W 72°23.762',NAD83,57.8,905,0.21,FLAT,NA,FLAT,96,7,5,29.6,28.2,2.9,1,5,6,3.688
NSFTS,4,167,0,NSF,TS,N 42°38.933',W 72°23.791',NAD83,55,905,0.84,FLAT,NA,FLAT,93,2,1,1.7,0.5,2.5,3,8,16,3.526
NSFTS,4,168,1,NSF,TS,N 42°38.933',W 72°23.791',NAD83,55,905,0.84,FLAT,NA,FLAT,93,2,1,1.7,0.5,2.5,3,8,16,3.526
NSFTS,5,169,3,NSF,TS,N 42°38.917',W 72°23.756',NAD83,42.4,1019,0.68,40,NE,2,94,2,2,0.9,0.9,2,2,6,9,3.493
NSFTS,5,170,0,NSF,TS,N 42°38.917',W 72°23.756',NAD83,42.4,1019,0.68,40,NE,2,94,2,2,0.9,0.9,2,2,6,9,3.493
PHMD,1,251,0,PH,MD,N 42°32.363',W 72°10.964',NAD83,17.2,1245,0,146,SE,6,92,1,1,5.2,5.2,5,6,7,10,3.518
PHMD,1,252,0,PH,MD,N 42°32.363',W 72°10.964',NAD83,17.2,1245,0,146,SE,6,92,1,1,5.2,5.2,5,6,7,10,3.518
PHMD,2,253,1,PH,MD,N 42°32.346',W 72°10.951',NAD83,18.4,1641,0,138,SE,9,89,9,6,9,4.2,3.1,8,8,8,3.748
PHMD,2,254,1,PH,MD,N 42°32.346',W 72°10.951',NAD83,18.4,1641,0,138,SE,9,89,9,6,9,4.2,3.1,8,8,8,3.748
PHMD,3,255,1,PH,MD,N 42°32.342',W 72°10.973',NAD83,18.7,1641,0,188,S,10,89,5,3,4.3,1.6,3.2,7,5,6,3.821
PHMD,3,256,1,PH,MD,N 42°32.342',W 72°10.973',NAD83,18.7,1641,0,188,S,10,89,5,3,4.3,1.6,3.2,7,5,6,3.821
PHMD,4,257,1,PH,MD,N 42°32.350',W 72°10.980',NAD83,16.1,1188,0,208,SW,2,94,9,8,8.8,8.4,3.2,5,4,7,3.611
PHMD,4,258,1,PH,MD,N 42°32.350',W 72°10.980',NAD83,16.1,1188,0,208,SW,2,94,9,8,8.8,8.4,3.2,5,4,7,3.611
PHMD,5,259,1,PH,MD,N 42°32.343',W 72°10.968',NAD83,20.3,1415,0,150,SE,8,89,5,5,5.1,5.1,3.8,3,5,6,3.489
PHMD,5,260,1,PH,MD,N 42°32.343',W 72°10.968',NAD83,20.3,1415,0,150,SE,8,89,5,5,5.1,5.1,3.8,3,5,6,3.489
PHTS,1,241,0,PH,TS,N 42°32.322',W 72°10.721',NAD83,43.2,736,0.86,FLAT,NA,FLAT,93,7,6,7.3,5.6,4.1,2,1,7,3.48
PHTS,1,242,1,PH,TS,N 42°32.322',W 72°10.721',NAD83,43.2,736,0.86,FLAT,NA,FLAT,93,7,6,7.3,5.6,4.1,2,1,7,3.48
PHTS,2,243,1,PH,TS,N 42°32.292',W 72°10.701',NAD83,39.9,566,0.66,FLAT,NA,FLAT,94,7,7,7.3,7.3,4.1,2,4,13,3.467
PHTS,2,244,0,PH,TS,N 42°32.292',W 72°10.701',NAD83,39.9,566,0.66,FLAT,NA,FLAT,94,7,7,7.3,7.3,4.1,2,4,13,3.467
PHTS,3,245,0,PH,TS,N 42°32.293',W 72°10.733',NAD83,51.6,905,0.77,FLAT,NA,FLAT,93,12,10,49,8.2,4.1,2,6,13,3.6
PHTS,3,246,1,PH,TS,N 42°32.293',W 72°10.733',NAD83,51.6,905,0.77,FLAT,NA,FLAT,93,12,10,49,8.2,4.1,2,6,13,3.6
PHTS,4,247,0,PH,TS,N 42°32.321',W 72°10.734',NAD83,80.7,566,0.22,FLAT,NA,FLAT,96,5,4,34.2,20,4,4,8,24,3.526
PHTS,4,248,2,PH,TS,N 42°32.321',W 72°10.734',NAD83,80.7,566,0.22,FLAT,NA,FLAT,96,5,4,34.2,20,4,4,8,24,3.526
PHTS,5,249,0,PH,TS,N 42°32.310',W 72°10.720',NAD83,47.1,566,0.49,FLAT,NA,FLAT,94,9,6,47,23.3,4.1,5,6,10,3.786
PHTS,5,250,0,PH,TS,N 42°32.310',W 72°10.720',NAD83,47.1,566,0.49,FLAT,NA,FLAT,94,9,6,47,23.3,4.1,5,6,10,3.786
SC1MD,1,211,1,SC1,MD,N 42°28.303',W 72°10.080',NAD83,22.5,736,0,84,E,4,84,17,14,73,63.1,3.7,5,2,13,3.723
SC1MD,1,212,0,SC1,MD,N 42°28.303',W 72°10.080',NAD83,22.5,736,0,84,E,4,84,17,14,73,63.1,3.7,5,2,13,3.723
SC1MD,2,213,3,SC1,MD,N 42°28.297',W 72°10.081',NAD83,17.6,566,0,80,E,4,89,5,4,17.7,16.5,2.8,3,11,16,4.763
SC1MD,2,214,0,SC1,MD,N 42°28.297',W 72°10.081',NAD83,17.6,566,0,80,E,4,89,5,4,17.7,16.5,2.8,3,11,16,4.763
SC1MD,3,215,0,SC1,MD,N 42°28.329',W 72°10.092',NAD83,20.5,736,0,77,E,11,90,10,8,29.7,28.7,3.8,3,9,14,4.515
SC1MD,3,216,0,SC1,MD,N 42°28.329',W 72°10.092',NAD83,20.5,736,0,77,E,11,90,10,8,29.7,28.7,3.8,3,9,14,4.515
SC1MD,4,217,0,SC1,MD,N 42°28.326',W 72°10.068',NAD83,25.7,905,0,84,E,9,87,10,7,16.5,15.1,3.2,5,4,10,4.312
SC1MD,4,218,0,SC1,MD,N 42°28.326',W 72°10.068',NAD83,25.7,905,0,84,E,9,87,10,7,16.5,15.1,3.2,5,4,10,4.312
SC1MD,5,219,0,SC1,MD,N 42°28.320',W 72°10.090',NAD83,50.4,1302,0,95,E,10,87,7,6,13.5,8.9,3.7,5,6,11,4.192
SC1MD,5,220,0,SC1,MD,N 42°28.320',W 72°10.090',NAD83,50.4,1302,0,95,E,10,87,7,6,13.5,8.9,3.7,5,6,11,4.192
SC1TS,1,201,2,SC1,TS,N 42°28.500',W 72°10.162',NAD83,40.3,1132,0.62,90,E,19,88,12,12,34,34,4.1,6,3,7,3.776
SC1TS,1,202,4,SC1,TS,N 42°28.500',W 72°10.162',NAD83,40.3,1132,0.62,90,E,19,88,12,12,34,34,4.1,6,3,7,3.776
SC1TS,2,203,0,SC1,TS,N 42°28.486',W 72°10.149',NAD83,38.4,1075,0.72,86,E,10,91,7,5,137.8,3.9,3,3,2,17,3.808
SC1TS,2,204,0,SC1,TS,N 42°28.486',W 72°10.149',NAD83,38.4,1075,0.72,86,E,10,91,7,5,137.8,3.9,3,3,2,17,3.808
SC1TS,3,205,2,SC1,TS,N 42°28.469',W 72°10.166',NAD83,41.3,1585,0.53,83,E,12,91,14,12,102.1,99,4.1,1,14,10,3.719
SC1TS,3,206,1,SC1,TS,N 42°28.469',W 72°10.166',NAD83,41.3,1585,0.53,83,E,12,91,14,12,102.1,99,4.1,1,14,10,3.719
SC1TS,4,207,0,SC1,TS,N 42°28.482',W 72°10.183',NAD83,57.8,679,1,82,E,24,90,7,6,17.3,15.5,4.6,3,7,17,3.798
SC1TS,4,208,3,SC1,TS,N 42°28.482',W 72°10.183',NAD83,57.8,679,1,82,E,24,90,7,6,17.3,15.5,4.6,3,7,17,3.798
SC1TS,5,209,5,SC1,TS,N 42°28.491',W 72°10.165',NAD83,36.5,679,0.78,86,E,24,91,6,6,17.2,17.2,3.5,5,8,9,3.848
SC1TS,5,210,4,SC1,TS,N 42°28.491',W 72°10.165',NAD83,36.5,679,0.78,86,E,24,91,6,6,17.2,17.2,3.5,5,8,9,3.848
SC2MD,1,291,0,SC2,MD,N 42°27.122',W 72°10.098',NAD83,26.3,1019,0.51,344,N,19,93,13,9,108.8,105.7,3.6,3,11,18,3.764
SC2MD,1,292,0,SC2,MD,N 42°27.122',W 72°10.098',NAD83,26.3,1019,0.51,344,N,19,93,13,9,108.8,105.7,3.6,3,11,18,3.764
SC2MD,2,293,1,SC2,MD,N 42°27.136',W 72°10.094',NAD83,43.8,1754,0.28,254,W,20,93,6,6,19.1,19.1,4,1,3,9,3.95
SC2MD,2,294,0,SC2,MD,N 42°27.136',W 72°10.094',NAD83,43.8,1754,0.28,254,W,20,93,6,6,19.1,19.1,4,1,3,9,3.95
SC2MD,3,295,2,SC2,MD,N 42°27.115',W 72°10.075',NAD83,27.9,1132,0.38,320,NW,15,93,7,6,30.2,29.6,4.1,7,4,17,3.542
SC2MD,3,296,1,SC2,MD,N 42°27.115',W 72°10.075',NAD83,27.9,1132,0.38,320,NW,15,93,7,6,30.2,29.6,4.1,7,4,17,3.542
SC2MD,4,297,0,SC2,MD,N 42°27.115',W 72°10.094',NAD83,62,1924,0.14,256,W,17,93,6,2,6.7,3,3,3,9,18,4.393
SC2MD,4,298,1,SC2,MD,N 42°27.115',W 72°10.094',NAD83,62,1924,0.14,256,W,17,93,6,2,6.7,3,3,3,9,18,4.393
SC2MD,5,299,3,SC2,MD,N 42°27.122',W 72°10.087',NAD83,37.4,1754,0.24,340,N,16,92,7,6,9,8.5,3.3,4,8,10,3.751
SC2MD,5,300,1,SC2,MD,N 42°27.122',W 72°10.087',NAD83,37.4,1754,0.24,340,N,16,92,7,6,9,8.5,3.3,4,8,10,3.751
SC2TS,1,281,1,SC2,TS,N 42°27.243',W 72°10.134',NAD83,60.8,905,0.41,224,SW,15,90,9,9,25.6,25.6,3.7,0,0,0,3.646
SC2TS,1,282,1,SC2,TS,N 42°27.243',W 72°10.134',NAD83,60.8,905,0.41,224,SW,15,90,9,9,25.6,25.6,3.7,0,0,0,3.646
SC2TS,2,283,2,SC2,TS,N 42°27.217',W 72°10.117',NAD83,41.1,622,0.87,204,SW,6,89,5,3,9.6,8.5,2.6,4,6,15,4.07
SC2TS,2,284,0,SC2,TS,N 42°27.217',W 72°10.117',NAD83,41.1,622,0.87,204,SW,6,89,5,3,9.6,8.5,2.6,4,6,15,4.07
SC2TS,3,285,2,SC2,TS,N 42°27.214',W 72°10.136',NAD83,43,1075,0.57,194,S,8,92,6,5,40.4,39.5,3.2,2,12,17,3.447
SC2TS,3,286,4,SC2,TS,N 42°27.214',W 72°10.136',NAD83,43,1075,0.57,194,S,8,92,6,5,40.4,39.5,3.2,2,12,17,3.447
SC2TS,4,287,2,SC2,TS,N 42°27.234',W 72°10.145',NAD83,64.3,849,0.52,270,W,13,89,7,7,3.4,3.4,3.3,4,7,26,3.557
SC2TS,4,288,3,SC2,TS,N 42°27.234',W 72°10.145',NAD83,64.3,849,0.52,270,W,13,89,7,7,3.4,3.4,3.3,4,7,26,3.557
SC2TS,5,289,0,SC2,TS,N 42°27.222',W 72°10.155',NAD83,68.1,962,0.81,199,S,21,95,5,4,5.5,4.6,3,3,9,22,3.58
SC2TS,5,290,0,SC2,TS,N 42°27.222',W 72°10.155',NAD83,68.1,962,0.81,199,S,21,95,5,4,5.5,4.6,3,3,9,22,3.58
TS1MD,1,231,1,TS1,MD,N 42°29.971',W 72°12.251',NAD83,29.9,1811,0.17,248,W,18,91,0,0,0,0,0,2,11,11,3.525
TS1MD,1,232,0,TS1,MD,N 42°29.971',W 72°12.251',NAD83,29.9,1811,0.17,248,W,18,91,0,0,0,0,0,2,11,11,3.525
TS1MD,2,233,0,TS1,MD,N 42°29.986',W 72°12.268',NAD83,27.4,1302,0.12,114,SE,4,90,9,8,15.5,14.9,3.1,5,5,8,3.368
TS1MD,2,234,1,TS1,MD,N 42°29.986',W 72°12.268',NAD83,27.4,1302,0.12,114,SE,4,90,9,8,15.5,14.9,3.1,5,5,8,3.368
TS1MD,3,235,2,TS1,MD,N 42°29.961',W 72°12.265',NAD83,35.9,1754,0,262,W,13,86,2,2,2.5,2.5,3.5,10,6,7,3.48
TS1MD,3,236,0,TS1,MD,N 42°29.961',W 72°12.265',NAD83,35.9,1754,0,262,W,13,86,2,2,2.5,2.5,3.5,10,6,7,3.48
TS1MD,4,237,0,TS1,MD,N 42°29.976',W 72°12.290',NAD83,30.7,1471,0.26,268,W,16,91,14,10,55.3,47.6,3.4,9,5,7,4.196
TS1MD,4,238,0,TS1,MD,N 42°29.976',W 72°12.290',NAD83,30.7,1471,0.26,268,W,16,91,14,10,55.3,47.6,3.4,9,5,7,4.196
TS1MD,5,239,0,TS1,MD,N 42°29.978',W 72°12.265',NAD83,36.9,1585,0.02,260,W,8,88,9,9,16,16,4,4,7,11,3.572
TS1MD,5,240,0,TS1,MD,N 42°29.978',W 72°12.265',NAD83,36.9,1585,0.02,260,W,8,88,9,9,16,16,4,4,7,11,3.572
TS1TS,1,221,0,TS1,TS,N 42°30.082',W 72°12.385',NAD83,50.7,679,0.29,302,NW,10,96,9,8,25.7,25.2,3.4,1,5,7,3.803
TS1TS,1,222,2,TS1,TS,N 42°30.082',W 72°12.385',NAD83,50.7,679,0.29,302,NW,10,96,9,8,25.7,25.2,3.4,1,5,7,3.803
TS1TS,2,223,2,TS1,TS,N 42°30.092',W 72°12.357',NAD83,42.1,1019,0.5,270,W,20,95,11,6,63.7,52.2,3,4,5,30,3.724
TS1TS,2,224,1,TS1,TS,N 42°30.092',W 72°12.357',NAD83,42.1,1019,0.5,270,W,20,95,11,6,63.7,52.2,3,4,5,30,3.724
TS1TS,3,225,1,TS1,TS,N 42°30.068',W 72°12.354',NAD83,16.5,340,0.4,280,W,14,93,6,3,14.9,12.5,3,4,7,20,3.906
TS1TS,3,226,0,TS1,TS,N 42°30.068',W 72°12.354',NAD83,16.5,340,0.4,280,W,14,93,6,3,14.9,12.5,3,4,7,20,3.906
TS1TS,4,227,1,TS1,TS,N 42°30.072',W 72°12.393',NAD83,39.4,679,1,319,NW,2,92,4,2,7.5,2.5,3,0,0,0,4.263
TS1TS,4,228,0,TS1,TS,N 42°30.072',W 72°12.393',NAD83,39.4,679,1,319,NW,2,92,4,2,7.5,2.5,3,0,0,0,4.263
TS1TS,5,229,1,TS1,TS,N 42°30.081',W 72°12.387',NAD83,74.6,792,0.35,305,NW,10,94,8,6,8.4,6.6,3.5,0,0,0,3.639
TS1TS,5,230,6,TS1,TS,N 42°30.081',W 72°12.387',NAD83,74.6,792,0.35,305,NW,10,94,8,6,8.4,6.6,3.5,0,0,0,3.639
TS2MD,1,271,0,TS2,MD,N 42°30.709',W 72°12.999',NAD83,19.5,679,0,58,E,6,86,17,17,40.2,40.2,3.9,7,6,15,4.592
TS2MD,1,272,2,TS2,MD,N 42°30.709',W 72°12.999',NAD83,19.5,679,0,58,E,6,86,17,17,40.2,40.2,3.9,7,6,15,4.592
TS2MD,2,273,0,TS2,MD,N 42°30.705',W 72°12.980',NAD83,71.2,962,0.11,63,E,9,92,8,4,61.4,6.1,3.3,2,6,10,4.545
TS2MD,2,274,1,TS2,MD,N 42°30.705',W 72°12.980',NAD83,71.2,962,0.11,63,E,9,92,8,4,61.4,6.1,3.3,2,6,10,4.545
TS2MD,3,275,0,TS2,MD,N 42°30.677',W 72°12.981',NAD83,9.4,622,0,123,SE,11,92,12,10,23.7,22.7,3,1,18,31,4.342
TS2MD,3,276,0,TS2,MD,N 42°30.677',W 72°12.981',NAD83,9.4,622,0,123,SE,11,92,12,10,23.7,22.7,3,1,18,31,4.342
TS2MD,4,277,1,TS2,MD,N 42°30.701',W 72°13.003',NAD83,38,849,0.51,94,E,15,91,4,3,18.9,18.2,4.3,2,4,12,4.183
TS2MD,4,278,1,TS2,MD,N 42°30.701',W 72°13.003',NAD83,38,849,0.51,94,E,15,91,4,3,18.9,18.2,4.3,2,4,12,4.183
TS2MD,5,279,0,TS2,MD,N 42°30.702',W 72°13.000',NAD83,41,1075,0,90,E,6,92,17,17,27.8,27.8,3.9,5,10,16,4.279
TS2MD,5,280,2,TS2,MD,N 42°30.702',W 72°13.000',NAD83,41,1075,0,90,E,6,92,17,17,27.8,27.8,3.9,5,10,16,4.279
TS2TS,1,261,2,TS2,TS,N 42°30.428',W 72°12.891',NAD83,42.2,1302,0.75,140,SE,6,90,7,5,6.2,4.8,3.4,2,5,9,3.453
TS2TS,1,262,0,TS2,TS,N 42°30.428',W 72°12.891',NAD83,42.2,1302,0.75,140,SE,6,90,7,5,6.2,4.8,3.4,2,5,9,3.453
TS2TS,2,263,2,TS2,TS,N 42°30.412',W 72°12.870',NAD83,27.6,566,0.52,145,SE,6,94,5,5,6.1,6.1,3.6,3,6,11,3.576
TS2TS,2,264,0,TS2,TS,N 42°30.412',W 72°12.870',NAD83,27.6,566,0.52,145,SE,6,94,5,5,6.1,6.1,3.6,3,6,11,3.576
TS2TS,3,265,0,TS2,TS,N 42°30.407',W 72°12.873',NAD83,34.8,905,0.37,160,S,8,94,8,8,5.8,5.8,3.5,1,2,7,3.732
TS2TS,3,266,1,TS2,TS,N 42°30.407',W 72°12.873',NAD83,34.8,905,0.37,160,S,8,94,8,8,5.8,5.8,3.5,1,2,7,3.732
TS2TS,4,267,0,TS2,TS,N 42°30.410',W 72°12.910',NAD83,51.8,1471,0.79,297,NW,9,94,4,4,41.4,41.4,4,6,10,11,3.548
TS2TS,4,268,1,TS2,TS,N 42°30.410',W 72°12.910',NAD83,51.8,1471,0.79,297,NW,9,94,4,4,41.4,41.4,4,6,10,11,3.548
TS2TS,5,269,0,TS2,TS,N 42°30.421',W 72°12.891',NAD83,58,1698,0.71,290,W,16,94,5,5,17.4,17.4,3.2,4,8,11,3.642
TS2TS,5,270,0,TS2,TS,N 42°30.421',W 72°12.891',NAD83,58,1698,0.71,290,W,16,94,5,5,17.4,17.4,3.2,4,8,11,3.642
WA1MD,1,11,0,WA1,MD,N 42°29.325',W 71°54.015',NAD83,39.4,905,0,265,W,5,95,5,2,28.3,23.4,2.4,2,9,12,4.108
WA1MD,1,12,1,WA1,MD,N 42°29.325',W 71°54.015',NAD83,39.4,905,0,265,W,5,95,5,2,28.3,23.4,2.4,2,9,12,4.108
WA1MD,2,13,0,WA1,MD,N 42°29.328',W 71°53.982',NAD83,12.5,736,0,274,W,5,97,6,3,33.5,4.3,2.3,3,5,14,3.889
WA1MD,2,14,0,WA1,MD,N 42°29.328',W 71°53.982',NAD83,12.5,736,0,274,W,5,97,6,3,33.5,4.3,2.3,3,5,14,3.889
WA1MD,3,15,0,WA1,MD,N 42°29.300',W 71°53.990',NAD83,13.3,962,0,301,NW,6,93,3,3,6.7,6.7,3.7,1,2,10,3.643
WA1MD,3,16,0,WA1,MD,N 42°29.300',W 71°53.990',NAD83,13.3,962,0,301,NW,6,93,3,3,6.7,6.7,3.7,1,2,10,3.643
WA1MD,4,17,0,WA1,MD,N 42°29.314',W 71°54.016',NAD83,41.2,566,0,268,W,5,93,6,1,9.5,2.2,2.7,0,0,0,3.682
WA1MD,4,18,2,WA1,MD,N 42°29.314',W 71°54.016',NAD83,41.2,566,0,268,W,5,93,6,1,9.5,2.2,2.7,0,0,0,3.682
WA1MD,5,19,1,WA1,MD,N 42°29.315',W 71°54.003',NAD83,22.7,905,0,280,W,7,94,8,7,17.7,16.7,3.6,3,5,14,4.243
WA1MD,5,20,0,WA1,MD,N 42°29.315',W 71°54.003',NAD83,22.7,905,0,280,W,7,94,8,7,17.7,16.7,3.6,3,5,14,4.243
WA1TS,1,1,0,WA1,TS,N 42°29.285',W 71°53.882',NAD83,56.1,736,0.98,293,NW,10,91,5,4,6.2,5.5,4.6,2,3,10,3.854
WA1TS,1,2,0,WA1,TS,N 42°29.285',W 71°53.882',NAD83,56.1,736,0.98,293,NW,10,91,5,4,6.2,5.5,4.6,2,3,10,3.854
WA1TS,2,3,1,WA1,TS,N 42°29.262',W 71°53.882',NAD83,60.2,736,0.8,298,NW,10,88,10,8,82.1,80.7,3.1,0,0,0,3.827
WA1TS,2,4,0,WA1,TS,N 42°29.262',W 71°53.882',NAD83,60.2,736,0.8,298,NW,10,88,10,8,82.1,80.7,3.1,0,0,0,3.827
WA1TS,3,5,0,WA1,TS,N 42°29.250',W 71°53.909',NAD83,42.6,1358,1,300,NW,5,92,7,4,44.6,39.6,3.9,4,9,33,4.026
WA1TS,3,6,0,WA1,TS,N 42°29.250',W 71°53.909',NAD83,42.6,1358,1,300,NW,5,92,7,4,44.6,39.6,3.9,4,9,33,4.026
WA1TS,4,7,0,WA1,TS,N 42°29.271',W 71°53.921',NAD83,68.2,453,1,304,NW,16,88,13,7,32.6,25,3,0,0,0,3.915
WA1TS,4,8,0,WA1,TS,N 42°29.271',W 71°53.921',NAD83,68.2,453,1,304,NW,16,88,13,7,32.6,25,3,0,0,0,3.915
WA1TS,5,9,0,WA1,TS,N 42°29.275',W 71°53.891',NAD83,62.7,905,0.77,314,NW,12,84,6,5,25.8,25.4,3.7,2,7,14,3.684
WA1TS,5,10,0,WA1,TS,N 42°29.275',W 71°53.891',NAD83,62.7,905,0.77,314,NW,12,84,6,5,25.8,25.4,3.7,2,7,14,3.684
WA2MD,1,31,0,WA2,MD,N 42°29.192',W 71°53.138',NAD83,27.2,1075,0,142,SE,18,92,7,6,8.1,7.4,3,6,5,10,4.301
WA2MD,1,32,0,WA2,MD,N 42°29.192',W 71°53.138',NAD83,27.2,1075,0,142,SE,18,92,7,6,8.1,7.4,3,6,5,10,4.301
WA2MD,2,33,0,WA2,MD,N 42°29.194',W 71°53.124',NAD83,35.7,679,0,133,SE,10,95,5,4,30.8,30,3,1,3,9,4.695
WA2MD,2,34,0,WA2,MD,N 42°29.194',W 71°53.124',NAD83,35.7,679,0,133,SE,10,95,5,4,30.8,30,3,1,3,9,4.695
WA2MD,3,35,0,WA2,MD,N 42°29.176',W 71°53.125',NAD83,27.1,905,0,150,SE,26,81,12,9,44.8,37.4,3.6,8,5,9,3.739
WA2MD,3,36,0,WA2,MD,N 42°29.176',W 71°53.125',NAD83,27.1,905,0,150,SE,26,81,12,9,44.8,37.4,3.6,8,5,9,3.739
WA2MD,4,37,0,WA2,MD,N 42°29.179',W 71°53.145',NAD83,30.8,1132,0,167,S,23,92,4,2,3,1.6,3.3,8,3,8,3.957
WA2MD,4,38,0,WA2,MD,N 42°29.179',W 71°53.145',NAD83,30.8,1132,0,167,S,23,92,4,2,3,1.6,3.3,8,3,8,3.957
WA2MD,5,39,0,WA2,MD,N 42°29.179',W 71°53.130',NAD83,20.6,339.5,0,140,SE,10,84,5,2,13.4,6.3,3,4,4,17,4.686
WA2MD,5,40,0,WA2,MD,N 42°29.179',W 71°53.130',NAD83,20.6,339.5,0,140,SE,10,84,5,2,13.4,6.3,3,4,4,17,4.686
WA2TS,1,21,0,WA2,TS,N 42°28.951',W 71°53.316',NAD83,33.5,340,1,256,W,8,93,9,8,94.9,94.1,3,2,4,20,4.098
WA2TS,1,22,1,WA2,TS,N 42°28.951',W 71°53.316',NAD83,33.5,340,1,256,W,8,93,9,8,94.9,94.1,3,2,4,20,4.098
WA2TS,2,23,3,WA2,TS,N 42°28.967',W 71°53.304',NAD83,45.7,283,0.31,268,W,10,91,8,6,49.2,41.6,3.8,3,8,29,4.028
WA2TS,2,24,3,WA2,TS,N 42°28.967',W 71°53.304',NAD83,45.7,283,0.31,268,W,10,91,8,6,49.2,41.6,3.8,3,8,29,4.028
WA2TS,3,25,0,WA2,TS,N 42°28.954',W 71°53.272',NAD83,63.8,736,0.59,274,W,18,93,5,4,5.9,2.4,3.8,2,11,17,4.067
WA2TS,3,26,1,WA2,TS,N 42°28.954',W 71°53.272',NAD83,63.8,736,0.59,274,W,18,93,5,4,5.9,2.4,3.8,2,11,17,4.067
WA2TS,4,27,0,WA2,TS,N 42°28.921',W 71°53.286',NAD83,83.9,905,0.44,254,W,34,93,10,5,77.4,14.5,2.7,1,10,28,3.952
WA2TS,4,28,0,WA2,TS,N 42°28.921',W 71°53.286',NAD83,83.9,905,0.44,254,W,34,93,10,5,77.4,14.5,2.7,1,10,28,3.952
WA2TS,5,29,0,WA2,TS,N 42°28.946',W 71°53.302',NAD83,49.6,340,0.48,276,W,8,94,11,6,210.5,192.9,3.2,0,0,0,3.926
WA2TS,5,30,0,WA2,TS,N 42°28.946',W 71°53.302',NAD83,49.6,340,0.48,276,W,8,94,11,6,210.5,192.9,3.2,0,0,0,3.926
WA3MD,1,51,2,WA3,MD,N 42°29.990',W 71°53.931',NAD83,36,962,0,314,NW,8,92,7,6,8.3,7.4,3.4,1,4,8,4.62
WA3MD,1,52,4,WA3,MD,N 42°29.990',W 71°53.931',NAD83,36,962,0,314,NW,8,92,7,6,8.3,7.4,3.4,1,4,8,4.62
WA3MD,2,53,0,WA3,MD,NA,NA,NA,28,962,0.09,304,NW,8,94,4,3,64.2,50,4.5,1,1,23,4.087
WA3MD,2,54,0,WA3,MD,NA,NA,NA,28,962,0.09,304,NW,8,94,4,3,64.2,50,4.5,1,1,23,4.087
WA3MD,3,55,2,WA3,MD,N 42°29.973',W 71°53.914',NAD83,55.3,962,0,326,NW,15,95,4,2,24.2,5.9,3.8,2,2,8,4.097
WA3MD,3,56,1,WA3,MD,N 42°29.973',W 71°53.914',NAD83,55.3,962,0,326,NW,15,95,4,2,24.2,5.9,3.8,2,2,8,4.097
WA3MD,4,57,0,WA3,MD,N 42°29.974',W 71°53.941',NAD83,35.2,849,0,330,NW,16,87,11,7,52,43.7,2.8,8,10,20,4.43
WA3MD,4,58,3,WA3,MD,N 42°29.974',W 71°53.941',NAD83,35.2,849,0,330,NW,16,87,11,7,52,43.7,2.8,8,10,20,4.43
WA3MD,5,59,0,WA3,MD,N 42°29.984',W 71°53.927',NAD83,18.3,736,0,322,NW,17,88,7,7,14.6,14.6,4.1,4,6,12,4.36
WA3MD,5,60,0,WA3,MD,N 42°29.984',W 71°53.927',NAD83,18.3,736,0,322,NW,17,88,7,7,14.6,14.6,4.1,4,6,12,4.36
WA3TS,1,41,2,WA3,TS,NA,NA,NA,42.1,622,0.38,315,NW,6,92,7,6,44.5,30.5,3,3,6,15,4.413
WA3TS,1,42,0,WA3,TS,NA,NA,NA,42.1,622,0.38,315,NW,6,92,7,6,44.5,30.5,3,3,6,15,4.413
WA3TS,2,43,1,WA3,TS,N 42°30.113',W 71°54.075',NAD83,36,736,0.22,307,NW,7,93,8,8,41.8,41.8,3.4,1,4,9,4.695
WA3TS,2,44,0,WA3,TS,N 42°30.113',W 71°54.075',NAD83,36,736,0.22,307,NW,7,93,8,8,41.8,41.8,3.4,1,4,9,4.695
WA3TS,3,45,0,WA3,TS,N 42°30.100',W 71°54.072',NAD83,36.1,736,0.32,293,NW,10,90,8,7,17.2,16.6,3.5,1,12,14,4.68
WA3TS,3,46,0,WA3,TS,N 42°30.100',W 71°54.072',NAD83,36.1,736,0.32,293,NW,10,90,8,7,17.2,16.6,3.5,1,12,14,4.68
WA3TS,4,47,1,WA3,TS,NA,NA,NA,43.7,736,0.28,337,NW,8,93,4,3,16.7,11.7,3,3,5,22,4.07
WA3TS,4,48,1,WA3,TS,NA,NA,NA,43.7,736,0.28,337,NW,8,93,4,3,16.7,11.7,3,3,5,22,4.07
WA3TS,5,49,4,WA3,TS,N 42°30.110',W 71°54.088',NAD83,58,736,0.49,330,NW,7,90,4,2,5.5,4.1,3.3,4,8,15,4.956
WA3TS,5,50,0,WA3,TS,N 42°30.110',W 71°54.088',NAD83,58,736,0.49,330,NW,7,90,4,2,5.5,4.1,3.3,4,8,15,4.956
WSFMD,1,151,1,WSF,MD,N 42°40.749',W 72°17.260',NAD83,30.7,1358,0.08,108,E,9,93,5,5,19.7,19.7,3.4,1,1,17,4
WSFMD,1,152,5,WSF,MD,N 42°40.749',W 72°17.260',NAD83,30.7,1358,0.08,108,E,9,93,5,5,19.7,19.7,3.4,1,1,17,4
WSFMD,2,153,2,WSF,MD,N 42°40.733',W 72°17.240',NAD83,49.4,1302,0.19,40,NE,0,94,1,1,0.5,0.5,2,1,6,13,4.952
WSFMD,2,154,1,WSF,MD,N 42°40.733',W 72°17.240',NAD83,49.4,1302,0.19,40,NE,0,94,1,1,0.5,0.5,2,1,6,13,4.952
WSFMD,3,155,2,WSF,MD,N 42°40.718',W 72°17.248',NAD83,29.6,792,0.28,54,NE,6,94,3,3,2.1,2.1,3,2,2,16,4.252
WSFMD,3,156,1,WSF,MD,N 42°40.718',W 72°17.248',NAD83,29.6,792,0.28,54,NE,6,94,3,3,2.1,2.1,3,2,2,16,4.252
WSFMD,4,157,0,WSF,MD,N 42°40.732',W 72°17.279',NAD83,37,1019,0.36,66,E,1,92,11,9,82.1,80.5,3.5,2,7,10,3.979
WSFMD,4,158,4,WSF,MD,N 42°40.732',W 72°17.279',NAD83,37,1019,0.36,66,E,1,92,11,9,82.1,80.5,3.5,2,7,10,3.979
WSFMD,5,159,1,WSF,MD,N 42°40.735',W 72°17.259',NAD83,38.2,1075,0.05,70,E,6,93,6,5,23.7,14,3.8,2,5,10,3.913
WSFMD,5,160,2,WSF,MD,N 42°40.735',W 72°17.259',NAD83,38.2,1075,0.05,70,E,6,93,6,5,23.7,14,3.8,2,5,10,3.913
WSFTS,1,141,0,WSF,TS,N 42°40.826',W 72°17.159',NAD83,39.7,1302,0.63,FLAT,N,0,89,4,1,11.6,0.4,2.5,2,16,29,3.453
WSFTS,1,142,1,WSF,TS,N 42°40.826',W 72°17.159',NAD83,39.7,1302,0.63,FLAT,N,0,89,4,1,11.6,0.4,2.5,2,16,29,3.453
WSFTS,2,143,0,WSF,TS,N 42°40.806',W 72°17.143',NAD83,41.8,849,0.87,NA,N,NA,90,7,7,22.1,22.1,3.1,0,0,0,3.754
WSFTS,2,144,0,WSF,TS,N 42°40.806',W 72°17.143',NAD83,41.8,849,0.87,NA,N,NA,90,7,7,22.1,22.1,3.1,0,0,0,3.754
WSFTS,3,145,0,WSF,TS,N 42°40.797',W 72°17.160',NAD83,47,905,0.87,NA,N,NA,90,4,3,10.9,8.3,3.5,2,7,11,3.838
WSFTS,3,146,1,WSF,TS,N 42°40.797',W 72°17.160',NAD83,47,905,0.87,NA,N,NA,90,4,3,10.9,8.3,3.5,2,7,11,3.838
WSFTS,4,147,1,WSF,TS,N 42°40.820',W 72°17.183',NAD83,50.5,972,0.91,20,N,12,93,13,9,54.2,36.6,3.1,0,0,0,3.696
WSFTS,4,148,4,WSF,TS,N 42°40.820',W 72°17.183',NAD83,50.5,972,0.91,20,N,12,93,13,9,54.2,36.6,3.1,0,0,0,3.696
WSFTS,5,149,0,WSF,TS,N 42°40.811',W 72°17.155',NAD83,42.4,905,0.69,NA,N,NA,91,5,4,4.7,4.1,3,3,4,9,3.725
WSFTS,5,150,2,WSF,TS,N 42°40.811',W 72°17.155',NAD83,42.4,905,0.69,NA,N,NA,91,5,4,4.7,4.1,3,3,4,9,3.725
